"id","exp_grou","STAI_T_demean","IU_demean","stimulus","trial","fps","phase"
1,2,0.921900000000001,17.3281,1,1,0.639421336,"ACQ"
1,2,0.921900000000001,17.3281,1,2,-0.611305321,"ACQ"
1,2,0.921900000000001,17.3281,1,3,-0.504329859,"ACQ"
1,2,0.921900000000001,17.3281,1,4,-0.706186787,"ACQ"
1,2,0.921900000000001,17.3281,1,5,-0.325887006,"ACQ"
1,2,0.921900000000001,17.3281,1,6,-0.350387963,"ACQ"
1,2,0.921900000000001,17.3281,2,1,1.462859943,"ACQ"
1,2,0.921900000000001,17.3281,2,2,2.332827078,"ACQ"
1,2,0.921900000000001,17.3281,2,3,0.231358737,"ACQ"
1,2,0.921900000000001,17.3281,2,4,-0.674625944,"ACQ"
1,2,0.921900000000001,17.3281,2,5,-0.626249959,"ACQ"
1,2,0.921900000000001,17.3281,2,6,-0.867494254,"ACQ"
2,1,-12.0781,-31.6719,1,1,1.229344682,"ACQ"
2,1,-12.0781,-31.6719,1,2,NA,"ACQ"
2,1,-12.0781,-31.6719,1,3,NA,"ACQ"
2,1,-12.0781,-31.6719,1,4,0.096043662,"ACQ"
2,1,-12.0781,-31.6719,1,5,-0.795763154,"ACQ"
2,1,-12.0781,-31.6719,1,6,0.77860124,"ACQ"
2,1,-12.0781,-31.6719,2,1,0.44905037,"ACQ"
2,1,-12.0781,-31.6719,2,2,1.169262473,"ACQ"
2,1,-12.0781,-31.6719,2,3,0.644640375,"ACQ"
2,1,-12.0781,-31.6719,2,4,-1.147610134,"ACQ"
2,1,-12.0781,-31.6719,2,5,-1.181846561,"ACQ"
2,1,-12.0781,-31.6719,2,6,-1.241722951,"ACQ"
3,2,-1.0781,-24.6719,1,1,-1.043991899,"ACQ"
3,2,-1.0781,-24.6719,1,2,0.147542635,"ACQ"
3,2,-1.0781,-24.6719,1,3,0.136953017,"ACQ"
3,2,-1.0781,-24.6719,1,4,2.378977079,"ACQ"
3,2,-1.0781,-24.6719,1,5,0.12707435,"ACQ"
3,2,-1.0781,-24.6719,1,6,-0.642486722,"ACQ"
3,2,-1.0781,-24.6719,2,1,-0.223591923,"ACQ"
3,2,-1.0781,-24.6719,2,2,0.086319843,"ACQ"
3,2,-1.0781,-24.6719,2,3,1.314608078,"ACQ"
3,2,-1.0781,-24.6719,2,4,-0.466034361,"ACQ"
3,2,-1.0781,-24.6719,2,5,-1.163102112,"ACQ"
3,2,-1.0781,-24.6719,2,6,-0.652267985,"ACQ"
4,1,5.9219,-9.67189999999999,1,1,-0.792690455,"ACQ"
4,1,5.9219,-9.67189999999999,1,2,0.010132858,"ACQ"
4,1,5.9219,-9.67189999999999,1,3,-1.24039858,"ACQ"
4,1,5.9219,-9.67189999999999,1,4,-0.357612283,"ACQ"
4,1,5.9219,-9.67189999999999,1,5,0.487298999,"ACQ"
4,1,5.9219,-9.67189999999999,1,6,-0.695501707,"ACQ"
4,1,5.9219,-9.67189999999999,2,1,NA,"ACQ"
4,1,5.9219,-9.67189999999999,2,2,-0.449366783,"ACQ"
4,1,5.9219,-9.67189999999999,2,3,2.381554346,"ACQ"
4,1,5.9219,-9.67189999999999,2,4,-0.288498503,"ACQ"
4,1,5.9219,-9.67189999999999,2,5,-0.066127655,"ACQ"
4,1,5.9219,-9.67189999999999,2,6,1.011209762,"ACQ"
5,2,-2.0781,-19.6719,1,1,-0.683625757,"ACQ"
5,2,-2.0781,-19.6719,1,2,0.709855087,"ACQ"
5,2,-2.0781,-19.6719,1,3,0.126511519,"ACQ"
5,2,-2.0781,-19.6719,1,4,-0.264602034,"ACQ"
5,2,-2.0781,-19.6719,1,5,-1.233812862,"ACQ"
5,2,-2.0781,-19.6719,1,6,-0.946182906,"ACQ"
5,2,-2.0781,-19.6719,2,1,2.597980236,"ACQ"
5,2,-2.0781,-19.6719,2,2,-0.121912705,"ACQ"
5,2,-2.0781,-19.6719,2,3,-0.409556134,"ACQ"
5,2,-2.0781,-19.6719,2,4,0.592298519,"ACQ"
5,2,-2.0781,-19.6719,2,5,0.112277548,"ACQ"
5,2,-2.0781,-19.6719,2,6,-0.479230513,"ACQ"
6,1,1.9219,4.32810000000001,1,1,NA,"ACQ"
6,1,1.9219,4.32810000000001,1,2,NA,"ACQ"
6,1,1.9219,4.32810000000001,1,3,NA,"ACQ"
6,1,1.9219,4.32810000000001,1,4,NA,"ACQ"
6,1,1.9219,4.32810000000001,1,5,NA,"ACQ"
6,1,1.9219,4.32810000000001,1,6,NA,"ACQ"
6,1,1.9219,4.32810000000001,2,1,NA,"ACQ"
6,1,1.9219,4.32810000000001,2,2,NA,"ACQ"
6,1,1.9219,4.32810000000001,2,3,NA,"ACQ"
6,1,1.9219,4.32810000000001,2,4,NA,"ACQ"
6,1,1.9219,4.32810000000001,2,5,NA,"ACQ"
6,1,1.9219,4.32810000000001,2,6,NA,"ACQ"
7,2,-6.0781,2.32810000000001,1,1,1.967638448,"ACQ"
7,2,-6.0781,2.32810000000001,1,2,0.603841861,"ACQ"
7,2,-6.0781,2.32810000000001,1,3,-0.001471866,"ACQ"
7,2,-6.0781,2.32810000000001,1,4,0.489462112,"ACQ"
7,2,-6.0781,2.32810000000001,1,5,-0.20360921,"ACQ"
7,2,-6.0781,2.32810000000001,1,6,-0.327634252,"ACQ"
7,2,-6.0781,2.32810000000001,2,1,-0.137742215,"ACQ"
7,2,-6.0781,2.32810000000001,2,2,1.236959331,"ACQ"
7,2,-6.0781,2.32810000000001,2,3,-1.073788001,"ACQ"
7,2,-6.0781,2.32810000000001,2,4,-1.285325992,"ACQ"
7,2,-6.0781,2.32810000000001,2,5,-1.414210638,"ACQ"
7,2,-6.0781,2.32810000000001,2,6,0.14588042,"ACQ"
8,1,-2.0781,2.32810000000001,1,1,0.276992362,"ACQ"
8,1,-2.0781,2.32810000000001,1,2,0.089036237,"ACQ"
8,1,-2.0781,2.32810000000001,1,3,1.15952867,"ACQ"
8,1,-2.0781,2.32810000000001,1,4,-1.322246547,"ACQ"
8,1,-2.0781,2.32810000000001,1,5,-0.541412125,"ACQ"
8,1,-2.0781,2.32810000000001,1,6,-1.619520324,"ACQ"
8,1,-2.0781,2.32810000000001,2,1,0.330883533,"ACQ"
8,1,-2.0781,2.32810000000001,2,2,0.715312024,"ACQ"
8,1,-2.0781,2.32810000000001,2,3,0.067965125,"ACQ"
8,1,-2.0781,2.32810000000001,2,4,1.451370332,"ACQ"
8,1,-2.0781,2.32810000000001,2,5,-1.30132739,"ACQ"
8,1,-2.0781,2.32810000000001,2,6,0.693418102,"ACQ"
9,1,-14.0781,15.3281,1,1,-1.3824601,"ACQ"
9,1,-14.0781,15.3281,1,2,0.030931416,"ACQ"
9,1,-14.0781,15.3281,1,3,0.514801673,"ACQ"
9,1,-14.0781,15.3281,1,4,-0.397842907,"ACQ"
9,1,-14.0781,15.3281,1,5,-0.847121997,"ACQ"
9,1,-14.0781,15.3281,1,6,-1.318446848,"ACQ"
9,1,-14.0781,15.3281,2,1,0.792032567,"ACQ"
9,1,-14.0781,15.3281,2,2,1.810791174,"ACQ"
9,1,-14.0781,15.3281,2,3,0.870036174,"ACQ"
9,1,-14.0781,15.3281,2,4,-0.427696525,"ACQ"
9,1,-14.0781,15.3281,2,5,0.983545541,"ACQ"
9,1,-14.0781,15.3281,2,6,-0.628570168,"ACQ"
10,2,-15.0781,-24.6719,1,1,NA,"ACQ"
10,2,-15.0781,-24.6719,1,2,-0.050360764,"ACQ"
10,2,-15.0781,-24.6719,1,3,0.2060673,"ACQ"
10,2,-15.0781,-24.6719,1,4,0.353731026,"ACQ"
10,2,-15.0781,-24.6719,1,5,0.129776154,"ACQ"
10,2,-15.0781,-24.6719,1,6,-1.688338949,"ACQ"
10,2,-15.0781,-24.6719,2,1,0.486165302,"ACQ"
10,2,-15.0781,-24.6719,2,2,1.734275983,"ACQ"
10,2,-15.0781,-24.6719,2,3,-1.027079294,"ACQ"
10,2,-15.0781,-24.6719,2,4,0.474782317,"ACQ"
10,2,-15.0781,-24.6719,2,5,0.750342302,"ACQ"
10,2,-15.0781,-24.6719,2,6,-1.369361378,"ACQ"
11,2,11.9219,18.3281,1,1,0.133704109,"ACQ"
11,2,11.9219,18.3281,1,2,-1.306746912,"ACQ"
11,2,11.9219,18.3281,1,3,1.073033208,"ACQ"
11,2,11.9219,18.3281,1,4,1.382656205,"ACQ"
11,2,11.9219,18.3281,1,5,-0.378359508,"ACQ"
11,2,11.9219,18.3281,1,6,0.052893527,"ACQ"
11,2,11.9219,18.3281,2,1,-0.370145532,"ACQ"
11,2,11.9219,18.3281,2,2,-0.2209744,"ACQ"
11,2,11.9219,18.3281,2,3,-1.518125818,"ACQ"
11,2,11.9219,18.3281,2,4,1.826141593,"ACQ"
11,2,11.9219,18.3281,2,5,-0.417404793,"ACQ"
11,2,11.9219,18.3281,2,6,-0.256671679,"ACQ"
12,2,-3.0781,17.3281,1,1,NA,"ACQ"
12,2,-3.0781,17.3281,1,2,0.594006829,"ACQ"
12,2,-3.0781,17.3281,1,3,0.676818831,"ACQ"
12,2,-3.0781,17.3281,1,4,0.367583008,"ACQ"
12,2,-3.0781,17.3281,1,5,-1.329204024,"ACQ"
12,2,-3.0781,17.3281,1,6,0.33753314,"ACQ"
12,2,-3.0781,17.3281,2,1,0.802504331,"ACQ"
12,2,-3.0781,17.3281,2,2,1.431954392,"ACQ"
12,2,-3.0781,17.3281,2,3,-1.418186662,"ACQ"
12,2,-3.0781,17.3281,2,4,0.556216367,"ACQ"
12,2,-3.0781,17.3281,2,5,-1.254019572,"ACQ"
12,2,-3.0781,17.3281,2,6,-0.765206642,"ACQ"
13,2,-1.0781,10.3281,1,1,1.410696677,"ACQ"
13,2,-1.0781,10.3281,1,2,-0.291773937,"ACQ"
13,2,-1.0781,10.3281,1,3,1.471527268,"ACQ"
13,2,-1.0781,10.3281,1,4,-0.119918892,"ACQ"
13,2,-1.0781,10.3281,1,5,0.763663405,"ACQ"
13,2,-1.0781,10.3281,1,6,0.572658229,"ACQ"
13,2,-1.0781,10.3281,2,1,0.686223044,"ACQ"
13,2,-1.0781,10.3281,2,2,-0.112404948,"ACQ"
13,2,-1.0781,10.3281,2,3,-1.247485064,"ACQ"
13,2,-1.0781,10.3281,2,4,-0.498125536,"ACQ"
13,2,-1.0781,10.3281,2,5,-1.510214253,"ACQ"
13,2,-1.0781,10.3281,2,6,-1.124845993,"ACQ"
14,1,-2.0781,-10.6719,1,1,0.900647211,"ACQ"
14,1,-2.0781,-10.6719,1,2,0.573698836,"ACQ"
14,1,-2.0781,-10.6719,1,3,0.960678583,"ACQ"
14,1,-2.0781,-10.6719,1,4,-0.618095796,"ACQ"
14,1,-2.0781,-10.6719,1,5,0.026656607,"ACQ"
14,1,-2.0781,-10.6719,1,6,-0.590801868,"ACQ"
14,1,-2.0781,-10.6719,2,1,-0.707098485,"ACQ"
14,1,-2.0781,-10.6719,2,2,1.363841463,"ACQ"
14,1,-2.0781,-10.6719,2,3,0.848797952,"ACQ"
14,1,-2.0781,-10.6719,2,4,-1.779358625,"ACQ"
14,1,-2.0781,-10.6719,2,5,NA,"ACQ"
14,1,-2.0781,-10.6719,2,6,-0.978965878,"ACQ"
15,2,11.9219,8.32810000000001,1,1,1.97996231,"ACQ"
15,2,11.9219,8.32810000000001,1,2,NA,"ACQ"
15,2,11.9219,8.32810000000001,1,3,0.466366339,"ACQ"
15,2,11.9219,8.32810000000001,1,4,NA,"ACQ"
15,2,11.9219,8.32810000000001,1,5,-0.513819214,"ACQ"
15,2,11.9219,8.32810000000001,1,6,-1.64219027,"ACQ"
15,2,11.9219,8.32810000000001,2,1,-0.036525375,"ACQ"
15,2,11.9219,8.32810000000001,2,2,0.72125837,"ACQ"
15,2,11.9219,8.32810000000001,2,3,-0.25859771,"ACQ"
15,2,11.9219,8.32810000000001,2,4,-0.526123943,"ACQ"
15,2,11.9219,8.32810000000001,2,5,-0.190330508,"ACQ"
15,2,11.9219,8.32810000000001,2,6,NA,"ACQ"
16,1,2.9219,12.3281,1,1,-0.741955123,"ACQ"
16,1,2.9219,12.3281,1,2,1.493476657,"ACQ"
16,1,2.9219,12.3281,1,3,0.063098825,"ACQ"
16,1,2.9219,12.3281,1,4,-0.178713264,"ACQ"
16,1,2.9219,12.3281,1,5,0.589686048,"ACQ"
16,1,2.9219,12.3281,1,6,1.30492202,"ACQ"
16,1,2.9219,12.3281,2,1,-1.946572838,"ACQ"
16,1,2.9219,12.3281,2,2,0.919602685,"ACQ"
16,1,2.9219,12.3281,2,3,-1.094973979,"ACQ"
16,1,2.9219,12.3281,2,4,-0.360801715,"ACQ"
16,1,2.9219,12.3281,2,5,0.26547438,"ACQ"
16,1,2.9219,12.3281,2,6,-0.313243695,"ACQ"
17,1,-1.0781,18.3281,1,1,-0.407957131,"ACQ"
17,1,-1.0781,18.3281,1,2,-0.079530324,"ACQ"
17,1,-1.0781,18.3281,1,3,0.491086077,"ACQ"
17,1,-1.0781,18.3281,1,4,0.795394627,"ACQ"
17,1,-1.0781,18.3281,1,5,-0.499724448,"ACQ"
17,1,-1.0781,18.3281,1,6,-0.78530574,"ACQ"
17,1,-1.0781,18.3281,2,1,1.034342111,"ACQ"
17,1,-1.0781,18.3281,2,2,2.149119162,"ACQ"
17,1,-1.0781,18.3281,2,3,-1.417431761,"ACQ"
17,1,-1.0781,18.3281,2,4,0.093032002,"ACQ"
17,1,-1.0781,18.3281,2,5,-1.15451622,"ACQ"
17,1,-1.0781,18.3281,2,6,-0.218508355,"ACQ"
20,1,6.9219,30.3281,1,1,0.980647109,"ACQ"
20,1,6.9219,30.3281,1,2,1.231671156,"ACQ"
20,1,6.9219,30.3281,1,3,-0.417497177,"ACQ"
20,1,6.9219,30.3281,1,4,-1.369626902,"ACQ"
20,1,6.9219,30.3281,1,5,-0.616236348,"ACQ"
20,1,6.9219,30.3281,1,6,-0.293303792,"ACQ"
20,1,6.9219,30.3281,2,1,1.311819416,"ACQ"
20,1,6.9219,30.3281,2,2,-1.096391316,"ACQ"
20,1,6.9219,30.3281,2,3,NA,"ACQ"
20,1,6.9219,30.3281,2,4,0.857735781,"ACQ"
20,1,6.9219,30.3281,2,5,NA,"ACQ"
20,1,6.9219,30.3281,2,6,-0.588817925,"ACQ"
21,2,-8.0781,-10.6719,1,1,NA,"ACQ"
21,2,-8.0781,-10.6719,1,2,2.027058148,"ACQ"
21,2,-8.0781,-10.6719,1,3,-0.510336986,"ACQ"
21,2,-8.0781,-10.6719,1,4,-1.238732849,"ACQ"
21,2,-8.0781,-10.6719,1,5,-0.209913723,"ACQ"
21,2,-8.0781,-10.6719,1,6,-0.036778697,"ACQ"
21,2,-8.0781,-10.6719,2,1,-0.299012171,"ACQ"
21,2,-8.0781,-10.6719,2,2,0.00427886,"ACQ"
21,2,-8.0781,-10.6719,2,3,-1.127531811,"ACQ"
21,2,-8.0781,-10.6719,2,4,0.09441738,"ACQ"
21,2,-8.0781,-10.6719,2,5,NA,"ACQ"
21,2,-8.0781,-10.6719,2,6,1.296551849,"ACQ"
22,2,-10.0781,-22.6719,1,1,-0.593748892,"ACQ"
22,2,-10.0781,-22.6719,1,2,-0.295207773,"ACQ"
22,2,-10.0781,-22.6719,1,3,0.933702243,"ACQ"
22,2,-10.0781,-22.6719,1,4,1.350583548,"ACQ"
22,2,-10.0781,-22.6719,1,5,0.525735116,"ACQ"
22,2,-10.0781,-22.6719,1,6,0.603255299,"ACQ"
22,2,-10.0781,-22.6719,2,1,1.375097538,"ACQ"
22,2,-10.0781,-22.6719,2,2,0.456232849,"ACQ"
22,2,-10.0781,-22.6719,2,3,-0.975355467,"ACQ"
22,2,-10.0781,-22.6719,2,4,-0.856547584,"ACQ"
22,2,-10.0781,-22.6719,2,5,-0.904492968,"ACQ"
22,2,-10.0781,-22.6719,2,6,-1.619253909,"ACQ"
23,2,-9.0781,-25.6719,1,1,0.224153699,"ACQ"
23,2,-9.0781,-25.6719,1,2,-0.244647696,"ACQ"
23,2,-9.0781,-25.6719,1,3,-0.85386373,"ACQ"
23,2,-9.0781,-25.6719,1,4,0.814790226,"ACQ"
23,2,-9.0781,-25.6719,1,5,-0.197849547,"ACQ"
23,2,-9.0781,-25.6719,1,6,1.714133702,"ACQ"
23,2,-9.0781,-25.6719,2,1,NA,"ACQ"
23,2,-9.0781,-25.6719,2,2,-1.968852865,"ACQ"
23,2,-9.0781,-25.6719,2,3,1.06447906,"ACQ"
23,2,-9.0781,-25.6719,2,4,-0.366612935,"ACQ"
23,2,-9.0781,-25.6719,2,5,-0.516177686,"ACQ"
23,2,-9.0781,-25.6719,2,6,0.330447771,"ACQ"
24,1,6.9219,2.32810000000001,1,1,-0.797156402,"ACQ"
24,1,6.9219,2.32810000000001,1,2,-1.40225923,"ACQ"
24,1,6.9219,2.32810000000001,1,3,NA,"ACQ"
24,1,6.9219,2.32810000000001,1,4,0.696451346,"ACQ"
24,1,6.9219,2.32810000000001,1,5,NA,"ACQ"
24,1,6.9219,2.32810000000001,1,6,-0.67766369,"ACQ"
24,1,6.9219,2.32810000000001,2,1,-0.395469364,"ACQ"
24,1,6.9219,2.32810000000001,2,2,1.68631272,"ACQ"
24,1,6.9219,2.32810000000001,2,3,0.322443877,"ACQ"
24,1,6.9219,2.32810000000001,2,4,1.411813763,"ACQ"
24,1,6.9219,2.32810000000001,2,5,-0.413988408,"ACQ"
24,1,6.9219,2.32810000000001,2,6,-0.430484613,"ACQ"
25,1,-9.0781,-6.67189999999999,1,1,1.651119516,"ACQ"
25,1,-9.0781,-6.67189999999999,1,2,0.072985391,"ACQ"
25,1,-9.0781,-6.67189999999999,1,3,-0.186626407,"ACQ"
25,1,-9.0781,-6.67189999999999,1,4,-0.35091317,"ACQ"
25,1,-9.0781,-6.67189999999999,1,5,-0.627945646,"ACQ"
25,1,-9.0781,-6.67189999999999,1,6,-0.882681837,"ACQ"
25,1,-9.0781,-6.67189999999999,2,1,1.35913586,"ACQ"
25,1,-9.0781,-6.67189999999999,2,2,1.318560085,"ACQ"
25,1,-9.0781,-6.67189999999999,2,3,0.159547776,"ACQ"
25,1,-9.0781,-6.67189999999999,2,4,-1.512852981,"ACQ"
25,1,-9.0781,-6.67189999999999,2,5,0.017863597,"ACQ"
25,1,-9.0781,-6.67189999999999,2,6,-1.018192185,"ACQ"
26,2,9.9219,19.3281,1,1,-0.151338612,"ACQ"
26,2,9.9219,19.3281,1,2,2.728103693,"ACQ"
26,2,9.9219,19.3281,1,3,0.40659231,"ACQ"
26,2,9.9219,19.3281,1,4,-0.538899952,"ACQ"
26,2,9.9219,19.3281,1,5,-0.164299419,"ACQ"
26,2,9.9219,19.3281,1,6,-0.85987207,"ACQ"
26,2,9.9219,19.3281,2,1,-0.078881646,"ACQ"
26,2,9.9219,19.3281,2,2,-0.559249786,"ACQ"
26,2,9.9219,19.3281,2,3,NA,"ACQ"
26,2,9.9219,19.3281,2,4,-0.219647339,"ACQ"
26,2,9.9219,19.3281,2,5,0.346045131,"ACQ"
26,2,9.9219,19.3281,2,6,-0.908552311,"ACQ"
27,1,-8.0781,-0.671899999999994,1,1,NA,"ACQ"
27,1,-8.0781,-0.671899999999994,1,2,0.882502095,"ACQ"
27,1,-8.0781,-0.671899999999994,1,3,0.978282264,"ACQ"
27,1,-8.0781,-0.671899999999994,1,4,-0.245516805,"ACQ"
27,1,-8.0781,-0.671899999999994,1,5,-1.00418268,"ACQ"
27,1,-8.0781,-0.671899999999994,1,6,0.465642855,"ACQ"
27,1,-8.0781,-0.671899999999994,2,1,0.252390698,"ACQ"
27,1,-8.0781,-0.671899999999994,2,2,1.400215378,"ACQ"
27,1,-8.0781,-0.671899999999994,2,3,0.769155621,"ACQ"
27,1,-8.0781,-0.671899999999994,2,4,-1.026536546,"ACQ"
27,1,-8.0781,-0.671899999999994,2,5,-0.87980801,"ACQ"
27,1,-8.0781,-0.671899999999994,2,6,-1.592144869,"ACQ"
28,1,-0.0780999999999992,12.3281,1,1,-0.694881736,"ACQ"
28,1,-0.0780999999999992,12.3281,1,2,0.772059756,"ACQ"
28,1,-0.0780999999999992,12.3281,1,3,0.034997926,"ACQ"
28,1,-0.0780999999999992,12.3281,1,4,-0.916204852,"ACQ"
28,1,-0.0780999999999992,12.3281,1,5,-0.506388374,"ACQ"
28,1,-0.0780999999999992,12.3281,1,6,-0.519167838,"ACQ"
28,1,-0.0780999999999992,12.3281,2,1,-0.242145572,"ACQ"
28,1,-0.0780999999999992,12.3281,2,2,0.736229852,"ACQ"
28,1,-0.0780999999999992,12.3281,2,3,NA,"ACQ"
28,1,-0.0780999999999992,12.3281,2,4,2.258660909,"ACQ"
28,1,-0.0780999999999992,12.3281,2,5,-0.923160072,"ACQ"
28,1,-0.0780999999999992,12.3281,2,6,NA,"ACQ"
29,2,3.9219,-19.6719,1,1,0.014222981,"ACQ"
29,2,3.9219,-19.6719,1,2,1.286414313,"ACQ"
29,2,3.9219,-19.6719,1,3,0.010101669,"ACQ"
29,2,3.9219,-19.6719,1,4,0.737647811,"ACQ"
29,2,3.9219,-19.6719,1,5,2.290467692,"ACQ"
29,2,3.9219,-19.6719,1,6,-0.382643746,"ACQ"
29,2,3.9219,-19.6719,2,1,0.053445139,"ACQ"
29,2,3.9219,-19.6719,2,2,-1.063854249,"ACQ"
29,2,3.9219,-19.6719,2,3,-0.910123911,"ACQ"
29,2,3.9219,-19.6719,2,4,-0.612641583,"ACQ"
29,2,3.9219,-19.6719,2,5,-0.880689153,"ACQ"
29,2,3.9219,-19.6719,2,6,-0.542346962,"ACQ"
30,2,-8.0781,-12.6719,1,1,-1.040790869,"ACQ"
30,2,-8.0781,-12.6719,1,2,1.007292998,"ACQ"
30,2,-8.0781,-12.6719,1,3,-0.089965008,"ACQ"
30,2,-8.0781,-12.6719,1,4,0.504316498,"ACQ"
30,2,-8.0781,-12.6719,1,5,-1.278310329,"ACQ"
30,2,-8.0781,-12.6719,1,6,-0.526022484,"ACQ"
30,2,-8.0781,-12.6719,2,1,1.135003286,"ACQ"
30,2,-8.0781,-12.6719,2,2,NA,"ACQ"
30,2,-8.0781,-12.6719,2,3,1.685865239,"ACQ"
30,2,-8.0781,-12.6719,2,4,0.259724872,"ACQ"
30,2,-8.0781,-12.6719,2,5,-0.547430273,"ACQ"
30,2,-8.0781,-12.6719,2,6,-1.10968393,"ACQ"
31,1,-9.0781,-11.6719,1,1,-0.908058596,"ACQ"
31,1,-9.0781,-11.6719,1,2,0.069890981,"ACQ"
31,1,-9.0781,-11.6719,1,3,0.406986384,"ACQ"
31,1,-9.0781,-11.6719,1,4,0.660310822,"ACQ"
31,1,-9.0781,-11.6719,1,5,1.102079206,"ACQ"
31,1,-9.0781,-11.6719,1,6,-1.310838176,"ACQ"
31,1,-9.0781,-11.6719,2,1,1.586744661,"ACQ"
31,1,-9.0781,-11.6719,2,2,0.606810695,"ACQ"
31,1,-9.0781,-11.6719,2,3,0.819853141,"ACQ"
31,1,-9.0781,-11.6719,2,4,-1.084978663,"ACQ"
31,1,-9.0781,-11.6719,2,5,-1.004349515,"ACQ"
31,1,-9.0781,-11.6719,2,6,-0.94445094,"ACQ"
32,2,-4.0781,-15.6719,1,1,-0.527378447,"ACQ"
32,2,-4.0781,-15.6719,1,2,1.330976207,"ACQ"
32,2,-4.0781,-15.6719,1,3,0.240705452,"ACQ"
32,2,-4.0781,-15.6719,1,4,1.029203387,"ACQ"
32,2,-4.0781,-15.6719,1,5,1.990777108,"ACQ"
32,2,-4.0781,-15.6719,1,6,-1.417552804,"ACQ"
32,2,-4.0781,-15.6719,2,1,-0.676945706,"ACQ"
32,2,-4.0781,-15.6719,2,2,0.023362303,"ACQ"
32,2,-4.0781,-15.6719,2,3,-0.711405705,"ACQ"
32,2,-4.0781,-15.6719,2,4,-0.821559713,"ACQ"
32,2,-4.0781,-15.6719,2,5,0.009473816,"ACQ"
32,2,-4.0781,-15.6719,2,6,-0.469655898,"ACQ"
33,1,20.9219,13.3281,1,1,NA,"ACQ"
33,1,20.9219,13.3281,1,2,0.0487794,"ACQ"
33,1,20.9219,13.3281,1,3,-0.045842554,"ACQ"
33,1,20.9219,13.3281,1,4,-1.657368449,"ACQ"
33,1,20.9219,13.3281,1,5,0.22271533,"ACQ"
33,1,20.9219,13.3281,1,6,2.02587295,"ACQ"
33,1,20.9219,13.3281,2,1,0.817419882,"ACQ"
33,1,20.9219,13.3281,2,2,-1.295295242,"ACQ"
33,1,20.9219,13.3281,2,3,-0.653958279,"ACQ"
33,1,20.9219,13.3281,2,4,0.544664366,"ACQ"
33,1,20.9219,13.3281,2,5,0.107356163,"ACQ"
33,1,20.9219,13.3281,2,6,-0.114343566,"ACQ"
34,1,-12.0781,12.3281,1,1,-0.966138445,"ACQ"
34,1,-12.0781,12.3281,1,2,NA,"ACQ"
34,1,-12.0781,12.3281,1,3,0.251383952,"ACQ"
34,1,-12.0781,12.3281,1,4,0.457509318,"ACQ"
34,1,-12.0781,12.3281,1,5,0.655116571,"ACQ"
34,1,-12.0781,12.3281,1,6,-2.01166906,"ACQ"
34,1,-12.0781,12.3281,2,1,NA,"ACQ"
34,1,-12.0781,12.3281,2,2,1.086794334,"ACQ"
34,1,-12.0781,12.3281,2,3,0.336462457,"ACQ"
34,1,-12.0781,12.3281,2,4,0.84986359,"ACQ"
34,1,-12.0781,12.3281,2,5,-1.065911131,"ACQ"
34,1,-12.0781,12.3281,2,6,0.406588414,"ACQ"
35,1,20.9219,14.3281,1,1,-1.565204887,"ACQ"
35,1,20.9219,14.3281,1,2,-0.064328734,"ACQ"
35,1,20.9219,14.3281,1,3,0.383637782,"ACQ"
35,1,20.9219,14.3281,1,4,0.293946304,"ACQ"
35,1,20.9219,14.3281,1,5,-0.26097145,"ACQ"
35,1,20.9219,14.3281,1,6,-1.197153974,"ACQ"
35,1,20.9219,14.3281,2,1,-1.183296323,"ACQ"
35,1,20.9219,14.3281,2,2,-0.064836596,"ACQ"
35,1,20.9219,14.3281,2,3,1.742812842,"ACQ"
35,1,20.9219,14.3281,2,4,0.239372834,"ACQ"
35,1,20.9219,14.3281,2,5,1.511626059,"ACQ"
35,1,20.9219,14.3281,2,6,0.164396144,"ACQ"
36,1,8.9219,-1.67189999999999,1,1,-0.127912859,"ACQ"
36,1,8.9219,-1.67189999999999,1,2,0.3226561,"ACQ"
36,1,8.9219,-1.67189999999999,1,3,0.931619633,"ACQ"
36,1,8.9219,-1.67189999999999,1,4,0.662035968,"ACQ"
36,1,8.9219,-1.67189999999999,1,5,1.95046576,"ACQ"
36,1,8.9219,-1.67189999999999,1,6,-0.696857079,"ACQ"
36,1,8.9219,-1.67189999999999,2,1,0.052960689,"ACQ"
36,1,8.9219,-1.67189999999999,2,2,0.328315495,"ACQ"
36,1,8.9219,-1.67189999999999,2,3,-0.685336425,"ACQ"
36,1,8.9219,-1.67189999999999,2,4,-1.703330758,"ACQ"
36,1,8.9219,-1.67189999999999,2,5,-1.313098702,"ACQ"
36,1,8.9219,-1.67189999999999,2,6,0.278482178,"ACQ"
37,2,2.9219,23.3281,1,1,-0.274214618,"ACQ"
37,2,2.9219,23.3281,1,2,0.24228294,"ACQ"
37,2,2.9219,23.3281,1,3,2.489244669,"ACQ"
37,2,2.9219,23.3281,1,4,-0.702846019,"ACQ"
37,2,2.9219,23.3281,1,5,-0.532377171,"ACQ"
37,2,2.9219,23.3281,1,6,NA,"ACQ"
37,2,2.9219,23.3281,2,1,-0.183963261,"ACQ"
37,2,2.9219,23.3281,2,2,0.237349805,"ACQ"
37,2,2.9219,23.3281,2,3,-0.58495113,"ACQ"
37,2,2.9219,23.3281,2,4,1.007487268,"ACQ"
37,2,2.9219,23.3281,2,5,-0.889928675,"ACQ"
37,2,2.9219,23.3281,2,6,-0.808083808,"ACQ"
38,2,-3.0781,23.3281,1,1,2.205250791,"ACQ"
38,2,-3.0781,23.3281,1,2,-0.173186272,"ACQ"
38,2,-3.0781,23.3281,1,3,-0.409000804,"ACQ"
38,2,-3.0781,23.3281,1,4,-0.801528431,"ACQ"
38,2,-3.0781,23.3281,1,5,NA,"ACQ"
38,2,-3.0781,23.3281,1,6,-0.625701005,"ACQ"
38,2,-3.0781,23.3281,2,1,-0.125855923,"ACQ"
38,2,-3.0781,23.3281,2,2,0.217502931,"ACQ"
38,2,-3.0781,23.3281,2,3,NA,"ACQ"
38,2,-3.0781,23.3281,2,4,1.27231278,"ACQ"
38,2,-3.0781,23.3281,2,5,-0.840056888,"ACQ"
38,2,-3.0781,23.3281,2,6,-0.719737179,"ACQ"
39,1,11.9219,-1.67189999999999,1,1,-1.330958001,"ACQ"
39,1,11.9219,-1.67189999999999,1,2,-1.325989698,"ACQ"
39,1,11.9219,-1.67189999999999,1,3,0.682826328,"ACQ"
39,1,11.9219,-1.67189999999999,1,4,-0.701148841,"ACQ"
39,1,11.9219,-1.67189999999999,1,5,0.330458872,"ACQ"
39,1,11.9219,-1.67189999999999,1,6,-1.150686306,"ACQ"
39,1,11.9219,-1.67189999999999,2,1,0.185197227,"ACQ"
39,1,11.9219,-1.67189999999999,2,2,0.642276994,"ACQ"
39,1,11.9219,-1.67189999999999,2,3,0.309105675,"ACQ"
39,1,11.9219,-1.67189999999999,2,4,0.046315716,"ACQ"
39,1,11.9219,-1.67189999999999,2,5,2.120817811,"ACQ"
39,1,11.9219,-1.67189999999999,2,6,0.191784222,"ACQ"
40,2,0.921900000000001,-14.6719,1,1,-0.814849487,"ACQ"
40,2,0.921900000000001,-14.6719,1,2,-0.054517956,"ACQ"
40,2,0.921900000000001,-14.6719,1,3,1.159840278,"ACQ"
40,2,0.921900000000001,-14.6719,1,4,0.50312389,"ACQ"
40,2,0.921900000000001,-14.6719,1,5,-1.21145115,"ACQ"
40,2,0.921900000000001,-14.6719,1,6,-1.323938723,"ACQ"
40,2,0.921900000000001,-14.6719,2,1,0.840876018,"ACQ"
40,2,0.921900000000001,-14.6719,2,2,1.654439958,"ACQ"
40,2,0.921900000000001,-14.6719,2,3,-0.35583515,"ACQ"
40,2,0.921900000000001,-14.6719,2,4,0.391359789,"ACQ"
40,2,0.921900000000001,-14.6719,2,5,0.465399,"ACQ"
40,2,0.921900000000001,-14.6719,2,6,-1.254446466,"ACQ"
41,2,-5.0781,-16.6719,1,1,1.048963367,"ACQ"
41,2,-5.0781,-16.6719,1,2,1.695806658,"ACQ"
41,2,-5.0781,-16.6719,1,3,0.323282914,"ACQ"
41,2,-5.0781,-16.6719,1,4,0.387885905,"ACQ"
41,2,-5.0781,-16.6719,1,5,-0.088736467,"ACQ"
41,2,-5.0781,-16.6719,1,6,0.277391492,"ACQ"
41,2,-5.0781,-16.6719,2,1,0.513009778,"ACQ"
41,2,-5.0781,-16.6719,2,2,-0.717563744,"ACQ"
41,2,-5.0781,-16.6719,2,3,-1.79044774,"ACQ"
41,2,-5.0781,-16.6719,2,4,-1.570492743,"ACQ"
41,2,-5.0781,-16.6719,2,5,0.300135758,"ACQ"
41,2,-5.0781,-16.6719,2,6,-0.379235178,"ACQ"
42,2,3.9219,-5.67189999999999,1,1,NA,"ACQ"
42,2,3.9219,-5.67189999999999,1,2,0.615465388,"ACQ"
42,2,3.9219,-5.67189999999999,1,3,1.741097206,"ACQ"
42,2,3.9219,-5.67189999999999,1,4,-1.353324735,"ACQ"
42,2,3.9219,-5.67189999999999,1,5,-1.040039153,"ACQ"
42,2,3.9219,-5.67189999999999,1,6,-0.081876481,"ACQ"
42,2,3.9219,-5.67189999999999,2,1,0.559628231,"ACQ"
42,2,3.9219,-5.67189999999999,2,2,-0.713759189,"ACQ"
42,2,3.9219,-5.67189999999999,2,3,-0.263833265,"ACQ"
42,2,3.9219,-5.67189999999999,2,4,-0.126216451,"ACQ"
42,2,3.9219,-5.67189999999999,2,5,1.458825486,"ACQ"
42,2,3.9219,-5.67189999999999,2,6,-0.795967037,"ACQ"
43,1,-8.0781,-14.6719,1,1,0.449733563,"ACQ"
43,1,-8.0781,-14.6719,1,2,1.624801752,"ACQ"
43,1,-8.0781,-14.6719,1,3,0.84498226,"ACQ"
43,1,-8.0781,-14.6719,1,4,-1.363117679,"ACQ"
43,1,-8.0781,-14.6719,1,5,-1.427180482,"ACQ"
43,1,-8.0781,-14.6719,1,6,-0.903796941,"ACQ"
43,1,-8.0781,-14.6719,2,1,1.074353974,"ACQ"
43,1,-8.0781,-14.6719,2,2,0.792885914,"ACQ"
43,1,-8.0781,-14.6719,2,3,-0.56345262,"ACQ"
43,1,-8.0781,-14.6719,2,4,0.28521441,"ACQ"
43,1,-8.0781,-14.6719,2,5,-0.07660118,"ACQ"
43,1,-8.0781,-14.6719,2,6,-0.73782297,"ACQ"
44,1,-3.0781,-19.6719,1,1,0.213744443,"ACQ"
44,1,-3.0781,-19.6719,1,2,1.481449692,"ACQ"
44,1,-3.0781,-19.6719,1,3,-0.660400659,"ACQ"
44,1,-3.0781,-19.6719,1,4,-0.86066731,"ACQ"
44,1,-3.0781,-19.6719,1,5,-0.899726289,"ACQ"
44,1,-3.0781,-19.6719,1,6,-0.457392136,"ACQ"
44,1,-3.0781,-19.6719,2,1,-0.063624657,"ACQ"
44,1,-3.0781,-19.6719,2,2,0.712375823,"ACQ"
44,1,-3.0781,-19.6719,2,3,-0.032393553,"ACQ"
44,1,-3.0781,-19.6719,2,4,1.847112986,"ACQ"
44,1,-3.0781,-19.6719,2,5,NA,"ACQ"
44,1,-3.0781,-19.6719,2,6,-1.28047834,"ACQ"
45,2,-0.0780999999999992,4.32810000000001,1,1,-0.396427438,"ACQ"
45,2,-0.0780999999999992,4.32810000000001,1,2,0.388343412,"ACQ"
45,2,-0.0780999999999992,4.32810000000001,1,3,-0.160668555,"ACQ"
45,2,-0.0780999999999992,4.32810000000001,1,4,0.550781522,"ACQ"
45,2,-0.0780999999999992,4.32810000000001,1,5,-1.004183082,"ACQ"
45,2,-0.0780999999999992,4.32810000000001,1,6,0.212255265,"ACQ"
45,2,-0.0780999999999992,4.32810000000001,2,1,-0.816647909,"ACQ"
45,2,-0.0780999999999992,4.32810000000001,2,2,2.118558819,"ACQ"
45,2,-0.0780999999999992,4.32810000000001,2,3,-0.827237654,"ACQ"
45,2,-0.0780999999999992,4.32810000000001,2,4,1.052955385,"ACQ"
45,2,-0.0780999999999992,4.32810000000001,2,5,0.372940268,"ACQ"
45,2,-0.0780999999999992,4.32810000000001,2,6,-1.490670034,"ACQ"
46,1,6.9219,3.32810000000001,1,1,-1.273544585,"ACQ"
46,1,6.9219,3.32810000000001,1,2,1.227832409,"ACQ"
46,1,6.9219,3.32810000000001,1,3,0.678587473,"ACQ"
46,1,6.9219,3.32810000000001,1,4,0.096660416,"ACQ"
46,1,6.9219,3.32810000000001,1,5,1.439756954,"ACQ"
46,1,6.9219,3.32810000000001,1,6,-0.144084003,"ACQ"
46,1,6.9219,3.32810000000001,2,1,-1.184890037,"ACQ"
46,1,6.9219,3.32810000000001,2,2,0.136438751,"ACQ"
46,1,6.9219,3.32810000000001,2,3,-0.018641861,"ACQ"
46,1,6.9219,3.32810000000001,2,4,0.371793956,"ACQ"
46,1,6.9219,3.32810000000001,2,5,0.53119314,"ACQ"
46,1,6.9219,3.32810000000001,2,6,-1.861102613,"ACQ"
47,1,2.9219,-15.6719,1,1,-0.801855288,"ACQ"
47,1,2.9219,-15.6719,1,2,1.370156719,"ACQ"
47,1,2.9219,-15.6719,1,3,0.507876412,"ACQ"
47,1,2.9219,-15.6719,1,4,1.668512514,"ACQ"
47,1,2.9219,-15.6719,1,5,0.865536338,"ACQ"
47,1,2.9219,-15.6719,1,6,0.055652308,"ACQ"
47,1,2.9219,-15.6719,2,1,-1.272767364,"ACQ"
47,1,2.9219,-15.6719,2,2,-0.550234356,"ACQ"
47,1,2.9219,-15.6719,2,3,-1.141559308,"ACQ"
47,1,2.9219,-15.6719,2,4,0.695585767,"ACQ"
47,1,2.9219,-15.6719,2,5,-0.708796394,"ACQ"
47,1,2.9219,-15.6719,2,6,-0.688107348,"ACQ"
48,1,9.9219,4.32810000000001,1,1,-0.442580781,"ACQ"
48,1,9.9219,4.32810000000001,1,2,-0.190389032,"ACQ"
48,1,9.9219,4.32810000000001,1,3,-0.398801648,"ACQ"
48,1,9.9219,4.32810000000001,1,4,0.148755389,"ACQ"
48,1,9.9219,4.32810000000001,1,5,-0.722847976,"ACQ"
48,1,9.9219,4.32810000000001,1,6,-0.978520152,"ACQ"
48,1,9.9219,4.32810000000001,2,1,-0.846026093,"ACQ"
48,1,9.9219,4.32810000000001,2,2,1.833522267,"ACQ"
48,1,9.9219,4.32810000000001,2,3,1.826031227,"ACQ"
48,1,9.9219,4.32810000000001,2,4,0.785209496,"ACQ"
48,1,9.9219,4.32810000000001,2,5,0.023732646,"ACQ"
48,1,9.9219,4.32810000000001,2,6,-1.038085342,"ACQ"
49,1,10.9219,14.3281,1,1,-0.547585188,"ACQ"
49,1,10.9219,14.3281,1,2,-0.103086465,"ACQ"
49,1,10.9219,14.3281,1,3,-0.4736987,"ACQ"
49,1,10.9219,14.3281,1,4,NA,"ACQ"
49,1,10.9219,14.3281,1,5,NA,"ACQ"
49,1,10.9219,14.3281,1,6,0.147423782,"ACQ"
49,1,10.9219,14.3281,2,1,0.530335741,"ACQ"
49,1,10.9219,14.3281,2,2,1.298309059,"ACQ"
49,1,10.9219,14.3281,2,3,0.818524911,"ACQ"
49,1,10.9219,14.3281,2,4,0.205152474,"ACQ"
49,1,10.9219,14.3281,2,5,0.477577114,"ACQ"
49,1,10.9219,14.3281,2,6,-2.352952727,"ACQ"
50,2,-9.0781,-2.67189999999999,1,1,-0.875143368,"ACQ"
50,2,-9.0781,-2.67189999999999,1,2,1.033892342,"ACQ"
50,2,-9.0781,-2.67189999999999,1,3,2.147640642,"ACQ"
50,2,-9.0781,-2.67189999999999,1,4,0.122876907,"ACQ"
50,2,-9.0781,-2.67189999999999,1,5,-0.984040191,"ACQ"
50,2,-9.0781,-2.67189999999999,1,6,-0.849698955,"ACQ"
50,2,-9.0781,-2.67189999999999,2,1,0.454301014,"ACQ"
50,2,-9.0781,-2.67189999999999,2,2,-0.621717933,"ACQ"
50,2,-9.0781,-2.67189999999999,2,3,-0.596368897,"ACQ"
50,2,-9.0781,-2.67189999999999,2,4,-0.435648184,"ACQ"
50,2,-9.0781,-2.67189999999999,2,5,1.175649149,"ACQ"
50,2,-9.0781,-2.67189999999999,2,6,-0.571742525,"ACQ"
51,2,-1.0781,-14.6719,1,1,-0.548910673,"ACQ"
51,2,-1.0781,-14.6719,1,2,-0.252793952,"ACQ"
51,2,-1.0781,-14.6719,1,3,-0.566707727,"ACQ"
51,2,-1.0781,-14.6719,1,4,1.265917716,"ACQ"
51,2,-1.0781,-14.6719,1,5,-0.834598475,"ACQ"
51,2,-1.0781,-14.6719,1,6,-0.750558683,"ACQ"
51,2,-1.0781,-14.6719,2,1,-0.371097433,"ACQ"
51,2,-1.0781,-14.6719,2,2,-0.125736265,"ACQ"
51,2,-1.0781,-14.6719,2,3,-0.827571291,"ACQ"
51,2,-1.0781,-14.6719,2,4,1.661619289,"ACQ"
51,2,-1.0781,-14.6719,2,5,1.887649673,"ACQ"
51,2,-1.0781,-14.6719,2,6,-0.537212179,"ACQ"
52,2,-12.0781,-10.6719,1,1,-0.953265869,"ACQ"
52,2,-12.0781,-10.6719,1,2,0.026872119,"ACQ"
52,2,-12.0781,-10.6719,1,3,0.435389449,"ACQ"
52,2,-12.0781,-10.6719,1,4,-0.079582077,"ACQ"
52,2,-12.0781,-10.6719,1,5,0.813338591,"ACQ"
52,2,-12.0781,-10.6719,1,6,0.086590689,"ACQ"
52,2,-12.0781,-10.6719,2,1,-0.071565165,"ACQ"
52,2,-12.0781,-10.6719,2,2,2.004722205,"ACQ"
52,2,-12.0781,-10.6719,2,3,1.100756014,"ACQ"
52,2,-12.0781,-10.6719,2,4,-1.237832834,"ACQ"
52,2,-12.0781,-10.6719,2,5,-0.74726835,"ACQ"
52,2,-12.0781,-10.6719,2,6,-1.378154772,"ACQ"
53,2,-9.0781,-2.67189999999999,1,1,-0.594541559,"ACQ"
53,2,-9.0781,-2.67189999999999,1,2,2.691096179,"ACQ"
53,2,-9.0781,-2.67189999999999,1,3,-0.766793467,"ACQ"
53,2,-9.0781,-2.67189999999999,1,4,0.18908622,"ACQ"
53,2,-9.0781,-2.67189999999999,1,5,NA,"ACQ"
53,2,-9.0781,-2.67189999999999,1,6,0.358054892,"ACQ"
53,2,-9.0781,-2.67189999999999,2,1,0.111982313,"ACQ"
53,2,-9.0781,-2.67189999999999,2,2,0.167829818,"ACQ"
53,2,-9.0781,-2.67189999999999,2,3,-0.938399973,"ACQ"
53,2,-9.0781,-2.67189999999999,2,4,-0.009138827,"ACQ"
53,2,-9.0781,-2.67189999999999,2,5,-0.613386751,"ACQ"
53,2,-9.0781,-2.67189999999999,2,6,-0.595788844,"ACQ"
54,1,19.9219,8.32810000000001,1,1,0.141329829,"ACQ"
54,1,19.9219,8.32810000000001,1,2,-0.941204014,"ACQ"
54,1,19.9219,8.32810000000001,1,3,-0.353864822,"ACQ"
54,1,19.9219,8.32810000000001,1,4,0.512585346,"ACQ"
54,1,19.9219,8.32810000000001,1,5,-0.538609204,"ACQ"
54,1,19.9219,8.32810000000001,1,6,-0.37887161,"ACQ"
54,1,19.9219,8.32810000000001,2,1,NA,"ACQ"
54,1,19.9219,8.32810000000001,2,2,1.190502751,"ACQ"
54,1,19.9219,8.32810000000001,2,3,2.064541266,"ACQ"
54,1,19.9219,8.32810000000001,2,4,NA,"ACQ"
54,1,19.9219,8.32810000000001,2,5,-1.125714374,"ACQ"
54,1,19.9219,8.32810000000001,2,6,-0.570695167,"ACQ"
55,2,-1.0781,-4.67189999999999,1,1,1.663084837,"ACQ"
55,2,-1.0781,-4.67189999999999,1,2,0.857068974,"ACQ"
55,2,-1.0781,-4.67189999999999,1,3,0.361732191,"ACQ"
55,2,-1.0781,-4.67189999999999,1,4,0.160052685,"ACQ"
55,2,-1.0781,-4.67189999999999,1,5,0.51331459,"ACQ"
55,2,-1.0781,-4.67189999999999,1,6,0.519769965,"ACQ"
55,2,-1.0781,-4.67189999999999,2,1,NA,"ACQ"
55,2,-1.0781,-4.67189999999999,2,2,0.165448586,"ACQ"
55,2,-1.0781,-4.67189999999999,2,3,-0.347628587,"ACQ"
55,2,-1.0781,-4.67189999999999,2,4,-0.662571613,"ACQ"
55,2,-1.0781,-4.67189999999999,2,5,-1.565565329,"ACQ"
55,2,-1.0781,-4.67189999999999,2,6,-1.664706299,"ACQ"
56,2,33.9219,44.3281,1,1,-0.484764379,"ACQ"
56,2,33.9219,44.3281,1,2,-0.713987716,"ACQ"
56,2,33.9219,44.3281,1,3,-0.858128846,"ACQ"
56,2,33.9219,44.3281,1,4,NA,"ACQ"
56,2,33.9219,44.3281,1,5,0.589432626,"ACQ"
56,2,33.9219,44.3281,1,6,NA,"ACQ"
56,2,33.9219,44.3281,2,1,2.273910903,"ACQ"
56,2,33.9219,44.3281,2,2,-0.927275204,"ACQ"
56,2,33.9219,44.3281,2,3,0.200017352,"ACQ"
56,2,33.9219,44.3281,2,4,-0.260685346,"ACQ"
56,2,33.9219,44.3281,2,5,0.18148061,"ACQ"
56,2,33.9219,44.3281,2,6,NA,"ACQ"
57,1,-10.0781,-23.6719,1,1,-1.593849326,"ACQ"
57,1,-10.0781,-23.6719,1,2,-0.486202853,"ACQ"
57,1,-10.0781,-23.6719,1,3,-0.993813662,"ACQ"
57,1,-10.0781,-23.6719,1,4,1.289516622,"ACQ"
57,1,-10.0781,-23.6719,1,5,0.814587277,"ACQ"
57,1,-10.0781,-23.6719,1,6,-1.146632744,"ACQ"
57,1,-10.0781,-23.6719,2,1,-0.243645302,"ACQ"
57,1,-10.0781,-23.6719,2,2,1.782709256,"ACQ"
57,1,-10.0781,-23.6719,2,3,0.264005435,"ACQ"
57,1,-10.0781,-23.6719,2,4,0.511222639,"ACQ"
57,1,-10.0781,-23.6719,2,5,-0.155379397,"ACQ"
57,1,-10.0781,-23.6719,2,6,-0.042517945,"ACQ"
58,1,12.9219,34.3281,1,1,-0.068901211,"ACQ"
58,1,12.9219,34.3281,1,2,0.538514859,"ACQ"
58,1,12.9219,34.3281,1,3,0.191996691,"ACQ"
58,1,12.9219,34.3281,1,4,1.634509151,"ACQ"
58,1,12.9219,34.3281,1,5,0.845237443,"ACQ"
58,1,12.9219,34.3281,1,6,0.703859093,"ACQ"
58,1,12.9219,34.3281,2,1,-0.651094229,"ACQ"
58,1,12.9219,34.3281,2,2,0.546890081,"ACQ"
58,1,12.9219,34.3281,2,3,-1.622646534,"ACQ"
58,1,12.9219,34.3281,2,4,-0.753243606,"ACQ"
58,1,12.9219,34.3281,2,5,-1.365121739,"ACQ"
58,1,12.9219,34.3281,2,6,NA,"ACQ"
59,1,-15.0781,-14.6719,1,1,NA,"ACQ"
59,1,-15.0781,-14.6719,1,2,1.269426035,"ACQ"
59,1,-15.0781,-14.6719,1,3,0.863712084,"ACQ"
59,1,-15.0781,-14.6719,1,4,-0.344887401,"ACQ"
59,1,-15.0781,-14.6719,1,5,NA,"ACQ"
59,1,-15.0781,-14.6719,1,6,-0.590172154,"ACQ"
59,1,-15.0781,-14.6719,2,1,-1.075749913,"ACQ"
59,1,-15.0781,-14.6719,2,2,1.851620231,"ACQ"
59,1,-15.0781,-14.6719,2,3,0.124595427,"ACQ"
59,1,-15.0781,-14.6719,2,4,-0.824010345,"ACQ"
59,1,-15.0781,-14.6719,2,5,-0.840783138,"ACQ"
59,1,-15.0781,-14.6719,2,6,-0.433750824,"ACQ"
60,2,-6.0781,0.328100000000006,1,1,-0.023212094,"ACQ"
60,2,-6.0781,0.328100000000006,1,2,-0.426362619,"ACQ"
60,2,-6.0781,0.328100000000006,1,3,-0.076201232,"ACQ"
60,2,-6.0781,0.328100000000006,1,4,-1.152881811,"ACQ"
60,2,-6.0781,0.328100000000006,1,5,0.576898107,"ACQ"
60,2,-6.0781,0.328100000000006,1,6,0.578578125,"ACQ"
60,2,-6.0781,0.328100000000006,2,1,1.247041623,"ACQ"
60,2,-6.0781,0.328100000000006,2,2,0.045358982,"ACQ"
60,2,-6.0781,0.328100000000006,2,3,0.065849041,"ACQ"
60,2,-6.0781,0.328100000000006,2,4,1.877539933,"ACQ"
60,2,-6.0781,0.328100000000006,2,5,-1.513442777,"ACQ"
60,2,-6.0781,0.328100000000006,2,6,-1.199165278,"ACQ"
61,2,-6.0781,4.32810000000001,1,1,-0.892477969,"ACQ"
61,2,-6.0781,4.32810000000001,1,2,0.122677255,"ACQ"
61,2,-6.0781,4.32810000000001,1,3,-0.624710758,"ACQ"
61,2,-6.0781,4.32810000000001,1,4,1.645863257,"ACQ"
61,2,-6.0781,4.32810000000001,1,5,0.538748022,"ACQ"
61,2,-6.0781,4.32810000000001,1,6,1.36971365,"ACQ"
61,2,-6.0781,4.32810000000001,2,1,-0.556812661,"ACQ"
61,2,-6.0781,4.32810000000001,2,2,1.226155548,"ACQ"
61,2,-6.0781,4.32810000000001,2,3,-0.810752522,"ACQ"
61,2,-6.0781,4.32810000000001,2,4,0.181254092,"ACQ"
61,2,-6.0781,4.32810000000001,2,5,-1.103078965,"ACQ"
61,2,-6.0781,4.32810000000001,2,6,-1.096578949,"ACQ"
62,1,8.9219,5.32810000000001,1,1,-0.820967028,"ACQ"
62,1,8.9219,5.32810000000001,1,2,-0.56225825,"ACQ"
62,1,8.9219,5.32810000000001,1,3,-0.610621569,"ACQ"
62,1,8.9219,5.32810000000001,1,4,0.385216012,"ACQ"
62,1,8.9219,5.32810000000001,1,5,-0.287580716,"ACQ"
62,1,8.9219,5.32810000000001,1,6,0.765107317,"ACQ"
62,1,8.9219,5.32810000000001,2,1,2.422714602,"ACQ"
62,1,8.9219,5.32810000000001,2,2,1.121773969,"ACQ"
62,1,8.9219,5.32810000000001,2,3,-0.25033583,"ACQ"
62,1,8.9219,5.32810000000001,2,4,-0.856980678,"ACQ"
62,1,8.9219,5.32810000000001,2,5,-0.507048513,"ACQ"
62,1,8.9219,5.32810000000001,2,6,-0.799019315,"ACQ"
63,2,0.921900000000001,38.3281,1,1,NA,"ACQ"
63,2,0.921900000000001,38.3281,1,2,-0.682167729,"ACQ"
63,2,0.921900000000001,38.3281,1,3,2.209507242,"ACQ"
63,2,0.921900000000001,38.3281,1,4,NA,"ACQ"
63,2,0.921900000000001,38.3281,1,5,0.737765517,"ACQ"
63,2,0.921900000000001,38.3281,1,6,-0.3213156,"ACQ"
63,2,0.921900000000001,38.3281,2,1,-0.544284712,"ACQ"
63,2,0.921900000000001,38.3281,2,2,-0.27485873,"ACQ"
63,2,0.921900000000001,38.3281,2,3,-0.540234609,"ACQ"
63,2,0.921900000000001,38.3281,2,4,NA,"ACQ"
63,2,0.921900000000001,38.3281,2,5,NA,"ACQ"
63,2,0.921900000000001,38.3281,2,6,-0.58441138,"ACQ"
64,1,-5.0781,0.328100000000006,1,1,0.1383906,"ACQ"
64,1,-5.0781,0.328100000000006,1,2,2.789300723,"ACQ"
64,1,-5.0781,0.328100000000006,1,3,-0.271300939,"ACQ"
64,1,-5.0781,0.328100000000006,1,4,-0.659574804,"ACQ"
64,1,-5.0781,0.328100000000006,1,5,-0.91611573,"ACQ"
64,1,-5.0781,0.328100000000006,1,6,-0.769185155,"ACQ"
64,1,-5.0781,0.328100000000006,2,1,0.215125698,"ACQ"
64,1,-5.0781,0.328100000000006,2,2,NA,"ACQ"
64,1,-5.0781,0.328100000000006,2,3,-0.302349992,"ACQ"
64,1,-5.0781,0.328100000000006,2,4,0.191659028,"ACQ"
64,1,-5.0781,0.328100000000006,2,5,-0.216858264,"ACQ"
64,1,-5.0781,0.328100000000006,2,6,-0.199091164,"ACQ"
65,1,-3.0781,-21.6719,1,1,0.871415398,"ACQ"
65,1,-3.0781,-21.6719,1,2,-1.167143468,"ACQ"
65,1,-3.0781,-21.6719,1,3,-0.125804581,"ACQ"
65,1,-3.0781,-21.6719,1,4,0.03117856,"ACQ"
65,1,-3.0781,-21.6719,1,5,0.553884118,"ACQ"
65,1,-3.0781,-21.6719,1,6,-0.348506084,"ACQ"
65,1,-3.0781,-21.6719,2,1,1.437859954,"ACQ"
65,1,-3.0781,-21.6719,2,2,NA,"ACQ"
65,1,-3.0781,-21.6719,2,3,-0.228205873,"ACQ"
65,1,-3.0781,-21.6719,2,4,-1.888723157,"ACQ"
65,1,-3.0781,-21.6719,2,5,NA,"ACQ"
65,1,-3.0781,-21.6719,2,6,0.864045134,"ACQ"
66,2,-6.0781,-6.67189999999999,1,1,-0.935133501,"ACQ"
66,2,-6.0781,-6.67189999999999,1,2,-0.192727224,"ACQ"
66,2,-6.0781,-6.67189999999999,1,3,0.420976666,"ACQ"
66,2,-6.0781,-6.67189999999999,1,4,1.093835353,"ACQ"
66,2,-6.0781,-6.67189999999999,1,5,-1.289512798,"ACQ"
66,2,-6.0781,-6.67189999999999,1,6,-1.578346951,"ACQ"
66,2,-6.0781,-6.67189999999999,2,1,1.635698726,"ACQ"
66,2,-6.0781,-6.67189999999999,2,2,-0.747934345,"ACQ"
66,2,-6.0781,-6.67189999999999,2,3,1.040677441,"ACQ"
66,2,-6.0781,-6.67189999999999,2,4,0.027968336,"ACQ"
66,2,-6.0781,-6.67189999999999,2,5,0.033770526,"ACQ"
66,2,-6.0781,-6.67189999999999,2,6,0.49072777,"ACQ"
1,2,0.921900000000001,17.3281,1,1,0.786750031,"EX"
1,2,0.921900000000001,17.3281,1,2,-0.485098213,"EX"
1,2,0.921900000000001,17.3281,1,3,0.197943962,"EX"
1,2,0.921900000000001,17.3281,1,4,-0.409433143,"EX"
1,2,0.921900000000001,17.3281,1,5,-0.001983009,"EX"
1,2,0.921900000000001,17.3281,1,6,-0.586375832,"EX"
1,2,0.921900000000001,17.3281,2,1,1.39274676,"EX"
1,2,0.921900000000001,17.3281,2,2,0.998314272,"EX"
1,2,0.921900000000001,17.3281,2,3,1.604440737,"EX"
1,2,0.921900000000001,17.3281,2,4,0.247102619,"EX"
1,2,0.921900000000001,17.3281,2,5,0.574542054,"EX"
1,2,0.921900000000001,17.3281,2,6,1.532614994,"EX"
2,1,-12.0781,-31.6719,1,1,0.982773199,"EX"
2,1,-12.0781,-31.6719,1,2,0.701728911,"EX"
2,1,-12.0781,-31.6719,1,3,0.080503139,"EX"
2,1,-12.0781,-31.6719,1,4,-1.175713924,"EX"
2,1,-12.0781,-31.6719,1,5,0.80556261,"EX"
2,1,-12.0781,-31.6719,1,6,NA,"EX"
2,1,-12.0781,-31.6719,2,1,0.371968591,"EX"
2,1,-12.0781,-31.6719,2,2,0.975158596,"EX"
2,1,-12.0781,-31.6719,2,3,NA,"EX"
2,1,-12.0781,-31.6719,2,4,0.697416428,"EX"
2,1,-12.0781,-31.6719,2,5,1.928979583,"EX"
2,1,-12.0781,-31.6719,2,6,-0.805146195,"EX"
3,2,-1.0781,-24.6719,1,1,2.096662164,"EX"
3,2,-1.0781,-24.6719,1,2,2.106535429,"EX"
3,2,-1.0781,-24.6719,1,3,-0.591857031,"EX"
3,2,-1.0781,-24.6719,1,4,-0.545529921,"EX"
3,2,-1.0781,-24.6719,1,5,0.241012846,"EX"
3,2,-1.0781,-24.6719,1,6,-0.408851212,"EX"
3,2,-1.0781,-24.6719,2,1,1.600290733,"EX"
3,2,-1.0781,-24.6719,2,2,2.125745047,"EX"
3,2,-1.0781,-24.6719,2,3,1.602931047,"EX"
3,2,-1.0781,-24.6719,2,4,0.425612666,"EX"
3,2,-1.0781,-24.6719,2,5,-0.092655465,"EX"
3,2,-1.0781,-24.6719,2,6,-0.240980486,"EX"
4,1,5.9219,-9.67189999999999,1,1,-0.688054299,"EX"
4,1,5.9219,-9.67189999999999,1,2,NA,"EX"
4,1,5.9219,-9.67189999999999,1,3,NA,"EX"
4,1,5.9219,-9.67189999999999,1,4,3.306144224,"EX"
4,1,5.9219,-9.67189999999999,1,5,1.044687506,"EX"
4,1,5.9219,-9.67189999999999,1,6,-0.48063656,"EX"
4,1,5.9219,-9.67189999999999,2,1,-0.507283015,"EX"
4,1,5.9219,-9.67189999999999,2,2,1.073079442,"EX"
4,1,5.9219,-9.67189999999999,2,3,-0.11291335,"EX"
4,1,5.9219,-9.67189999999999,2,4,-0.614581929,"EX"
4,1,5.9219,-9.67189999999999,2,5,-0.273991719,"EX"
4,1,5.9219,-9.67189999999999,2,6,0.145604806,"EX"
5,2,-2.0781,-19.6719,1,1,-1.985222104,"EX"
5,2,-2.0781,-19.6719,1,2,NA,"EX"
5,2,-2.0781,-19.6719,1,3,0.152104081,"EX"
5,2,-2.0781,-19.6719,1,4,NA,"EX"
5,2,-2.0781,-19.6719,1,5,0.213035689,"EX"
5,2,-2.0781,-19.6719,1,6,-1.110207595,"EX"
5,2,-2.0781,-19.6719,2,1,-0.036712698,"EX"
5,2,-2.0781,-19.6719,2,2,0.652467527,"EX"
5,2,-2.0781,-19.6719,2,3,-0.326559982,"EX"
5,2,-2.0781,-19.6719,2,4,1.771033504,"EX"
5,2,-2.0781,-19.6719,2,5,-0.249149375,"EX"
5,2,-2.0781,-19.6719,2,6,0.28021304,"EX"
6,1,1.9219,4.32810000000001,1,1,1.414862252,"EX"
6,1,1.9219,4.32810000000001,1,2,1.280886453,"EX"
6,1,1.9219,4.32810000000001,1,3,-0.454041015,"EX"
6,1,1.9219,4.32810000000001,1,4,-0.81122069,"EX"
6,1,1.9219,4.32810000000001,1,5,-0.330914483,"EX"
6,1,1.9219,4.32810000000001,1,6,-0.812747603,"EX"
6,1,1.9219,4.32810000000001,2,1,1.218955498,"EX"
6,1,1.9219,4.32810000000001,2,2,1.66984483,"EX"
6,1,1.9219,4.32810000000001,2,3,0.93691152,"EX"
6,1,1.9219,4.32810000000001,2,4,0.282470539,"EX"
6,1,1.9219,4.32810000000001,2,5,1.027049357,"EX"
6,1,1.9219,4.32810000000001,2,6,1.355551939,"EX"
7,2,-6.0781,2.32810000000001,1,1,-0.571082374,"EX"
7,2,-6.0781,2.32810000000001,1,2,1.678596747,"EX"
7,2,-6.0781,2.32810000000001,1,3,0.255418897,"EX"
7,2,-6.0781,2.32810000000001,1,4,1.467738289,"EX"
7,2,-6.0781,2.32810000000001,1,5,1.071963237,"EX"
7,2,-6.0781,2.32810000000001,1,6,-0.602970105,"EX"
7,2,-6.0781,2.32810000000001,2,1,-1.007188622,"EX"
7,2,-6.0781,2.32810000000001,2,2,-0.22102311,"EX"
7,2,-6.0781,2.32810000000001,2,3,-0.217876014,"EX"
7,2,-6.0781,2.32810000000001,2,4,-0.68174789,"EX"
7,2,-6.0781,2.32810000000001,2,5,-0.728148159,"EX"
7,2,-6.0781,2.32810000000001,2,6,-0.766246423,"EX"
8,1,-2.0781,2.32810000000001,1,1,0.917108699,"EX"
8,1,-2.0781,2.32810000000001,1,2,0.607156781,"EX"
8,1,-2.0781,2.32810000000001,1,3,-0.29266711,"EX"
8,1,-2.0781,2.32810000000001,1,4,0.012366457,"EX"
8,1,-2.0781,2.32810000000001,1,5,-0.699949846,"EX"
8,1,-2.0781,2.32810000000001,1,6,NA,"EX"
8,1,-2.0781,2.32810000000001,2,1,3.689668789,"EX"
8,1,-2.0781,2.32810000000001,2,2,0.776514266,"EX"
8,1,-2.0781,2.32810000000001,2,3,-0.192176579,"EX"
8,1,-2.0781,2.32810000000001,2,4,-0.613418056,"EX"
8,1,-2.0781,2.32810000000001,2,5,-0.375666115,"EX"
8,1,-2.0781,2.32810000000001,2,6,0.008488877,"EX"
9,1,-14.0781,15.3281,1,1,0.251620957,"EX"
9,1,-14.0781,15.3281,1,2,3.291477543,"EX"
9,1,-14.0781,15.3281,1,3,0.727784335,"EX"
9,1,-14.0781,15.3281,1,4,0.194436784,"EX"
9,1,-14.0781,15.3281,1,5,-0.968099124,"EX"
9,1,-14.0781,15.3281,1,6,0.298204989,"EX"
9,1,-14.0781,15.3281,2,1,-0.351623246,"EX"
9,1,-14.0781,15.3281,2,2,2.303181806,"EX"
9,1,-14.0781,15.3281,2,3,-0.538831107,"EX"
9,1,-14.0781,15.3281,2,4,0.696240599,"EX"
9,1,-14.0781,15.3281,2,5,-0.658945395,"EX"
9,1,-14.0781,15.3281,2,6,1.14163818,"EX"
10,2,-15.0781,-24.6719,1,1,-0.770255973,"EX"
10,2,-15.0781,-24.6719,1,2,0.761261847,"EX"
10,2,-15.0781,-24.6719,1,3,1.235440546,"EX"
10,2,-15.0781,-24.6719,1,4,-0.493704374,"EX"
10,2,-15.0781,-24.6719,1,5,3.115593182,"EX"
10,2,-15.0781,-24.6719,1,6,-0.298781842,"EX"
10,2,-15.0781,-24.6719,2,1,-0.150188594,"EX"
10,2,-15.0781,-24.6719,2,2,-0.322814503,"EX"
10,2,-15.0781,-24.6719,2,3,-0.956852061,"EX"
10,2,-15.0781,-24.6719,2,4,-0.153473356,"EX"
10,2,-15.0781,-24.6719,2,5,1.678115161,"EX"
10,2,-15.0781,-24.6719,2,6,-0.35904037,"EX"
11,2,11.9219,18.3281,1,1,1.832750202,"EX"
11,2,11.9219,18.3281,1,2,-0.827856574,"EX"
11,2,11.9219,18.3281,1,3,NA,"EX"
11,2,11.9219,18.3281,1,4,0.718097471,"EX"
11,2,11.9219,18.3281,1,5,1.623389155,"EX"
11,2,11.9219,18.3281,1,6,-0.155398226,"EX"
11,2,11.9219,18.3281,2,1,0.72707957,"EX"
11,2,11.9219,18.3281,2,2,0.316734701,"EX"
11,2,11.9219,18.3281,2,3,-0.818505128,"EX"
11,2,11.9219,18.3281,2,4,-0.270902232,"EX"
11,2,11.9219,18.3281,2,5,3.157256444,"EX"
11,2,11.9219,18.3281,2,6,-0.549625635,"EX"
12,2,-3.0781,17.3281,1,1,1.03379332,"EX"
12,2,-3.0781,17.3281,1,2,-0.589763616,"EX"
12,2,-3.0781,17.3281,1,3,NA,"EX"
12,2,-3.0781,17.3281,1,4,-0.709676787,"EX"
12,2,-3.0781,17.3281,1,5,-0.533256089,"EX"
12,2,-3.0781,17.3281,1,6,-0.770715365,"EX"
12,2,-3.0781,17.3281,2,1,1.089289367,"EX"
12,2,-3.0781,17.3281,2,2,-0.501573445,"EX"
12,2,-3.0781,17.3281,2,3,1.334230822,"EX"
12,2,-3.0781,17.3281,2,4,-0.604079256,"EX"
12,2,-3.0781,17.3281,2,5,0.927455512,"EX"
12,2,-3.0781,17.3281,2,6,1.420914838,"EX"
13,2,-1.0781,10.3281,1,1,4.16526686,"EX"
13,2,-1.0781,10.3281,1,2,0.830688915,"EX"
13,2,-1.0781,10.3281,1,3,0.29127035,"EX"
13,2,-1.0781,10.3281,1,4,-0.71076767,"EX"
13,2,-1.0781,10.3281,1,5,-0.350461367,"EX"
13,2,-1.0781,10.3281,1,6,0.092134198,"EX"
13,2,-1.0781,10.3281,2,1,0.659266083,"EX"
13,2,-1.0781,10.3281,2,2,0.351787392,"EX"
13,2,-1.0781,10.3281,2,3,0.249060378,"EX"
13,2,-1.0781,10.3281,2,4,-0.164125394,"EX"
13,2,-1.0781,10.3281,2,5,-0.655019394,"EX"
13,2,-1.0781,10.3281,2,6,-0.557665364,"EX"
14,1,-2.0781,-10.6719,1,1,0.306074159,"EX"
14,1,-2.0781,-10.6719,1,2,0.735914913,"EX"
14,1,-2.0781,-10.6719,1,3,0.055958512,"EX"
14,1,-2.0781,-10.6719,1,4,0.014464616,"EX"
14,1,-2.0781,-10.6719,1,5,1.611721022,"EX"
14,1,-2.0781,-10.6719,1,6,-0.822661599,"EX"
14,1,-2.0781,-10.6719,2,1,2.443083629,"EX"
14,1,-2.0781,-10.6719,2,2,0.80276821,"EX"
14,1,-2.0781,-10.6719,2,3,0.29217504,"EX"
14,1,-2.0781,-10.6719,2,4,1.139487597,"EX"
14,1,-2.0781,-10.6719,2,5,0.050826551,"EX"
14,1,-2.0781,-10.6719,2,6,-0.821341465,"EX"
15,2,11.9219,8.32810000000001,1,1,-0.565989035,"EX"
15,2,11.9219,8.32810000000001,1,2,-0.869845337,"EX"
15,2,11.9219,8.32810000000001,1,3,1.694974461,"EX"
15,2,11.9219,8.32810000000001,1,4,NA,"EX"
15,2,11.9219,8.32810000000001,1,5,0.233933955,"EX"
15,2,11.9219,8.32810000000001,1,6,NA,"EX"
15,2,11.9219,8.32810000000001,2,1,-1.364069328,"EX"
15,2,11.9219,8.32810000000001,2,2,0.58909535,"EX"
15,2,11.9219,8.32810000000001,2,3,1.088677608,"EX"
15,2,11.9219,8.32810000000001,2,4,1.472606361,"EX"
15,2,11.9219,8.32810000000001,2,5,NA,"EX"
15,2,11.9219,8.32810000000001,2,6,NA,"EX"
16,1,2.9219,12.3281,1,1,NA,"EX"
16,1,2.9219,12.3281,1,2,2.811168018,"EX"
16,1,2.9219,12.3281,1,3,-0.151242693,"EX"
16,1,2.9219,12.3281,1,4,0.739580884,"EX"
16,1,2.9219,12.3281,1,5,-0.778274107,"EX"
16,1,2.9219,12.3281,1,6,-0.128174552,"EX"
16,1,2.9219,12.3281,2,1,-0.24668824,"EX"
16,1,2.9219,12.3281,2,2,1.555552864,"EX"
16,1,2.9219,12.3281,2,3,2.069632207,"EX"
16,1,2.9219,12.3281,2,4,-0.466531503,"EX"
16,1,2.9219,12.3281,2,5,1.5854424,"EX"
16,1,2.9219,12.3281,2,6,0.232523902,"EX"
17,1,-1.0781,18.3281,1,1,1.269694066,"EX"
17,1,-1.0781,18.3281,1,2,2.212226279,"EX"
17,1,-1.0781,18.3281,1,3,-0.752857965,"EX"
17,1,-1.0781,18.3281,1,4,0.329629047,"EX"
17,1,-1.0781,18.3281,1,5,1.370565765,"EX"
17,1,-1.0781,18.3281,1,6,-0.785801407,"EX"
17,1,-1.0781,18.3281,2,1,0.458727277,"EX"
17,1,-1.0781,18.3281,2,2,-0.02785828,"EX"
17,1,-1.0781,18.3281,2,3,-0.236821419,"EX"
17,1,-1.0781,18.3281,2,4,-1.161186858,"EX"
17,1,-1.0781,18.3281,2,5,NA,"EX"
17,1,-1.0781,18.3281,2,6,-0.154123805,"EX"
20,1,6.9219,30.3281,1,1,0.900386684,"EX"
20,1,6.9219,30.3281,1,2,1.603714911,"EX"
20,1,6.9219,30.3281,1,3,1.152752583,"EX"
20,1,6.9219,30.3281,1,4,0.71505465,"EX"
20,1,6.9219,30.3281,1,5,-0.145040833,"EX"
20,1,6.9219,30.3281,1,6,-0.569404558,"EX"
20,1,6.9219,30.3281,2,1,-0.85857351,"EX"
20,1,6.9219,30.3281,2,2,1.003702361,"EX"
20,1,6.9219,30.3281,2,3,0.572825996,"EX"
20,1,6.9219,30.3281,2,4,2.379255807,"EX"
20,1,6.9219,30.3281,2,5,0.469274497,"EX"
20,1,6.9219,30.3281,2,6,-2.032047318,"EX"
21,2,-8.0781,-10.6719,1,1,1.285290035,"EX"
21,2,-8.0781,-10.6719,1,2,-0.116462867,"EX"
21,2,-8.0781,-10.6719,1,3,0.626454368,"EX"
21,2,-8.0781,-10.6719,1,4,0.646399485,"EX"
21,2,-8.0781,-10.6719,1,5,-0.323737872,"EX"
21,2,-8.0781,-10.6719,1,6,1.796521606,"EX"
21,2,-8.0781,-10.6719,2,1,0.291282854,"EX"
21,2,-8.0781,-10.6719,2,2,1.364164239,"EX"
21,2,-8.0781,-10.6719,2,3,1.069339745,"EX"
21,2,-8.0781,-10.6719,2,4,0.623622293,"EX"
21,2,-8.0781,-10.6719,2,5,-1.047009642,"EX"
21,2,-8.0781,-10.6719,2,6,-0.093559602,"EX"
22,2,-10.0781,-22.6719,1,1,0.826849479,"EX"
22,2,-10.0781,-22.6719,1,2,0.691917619,"EX"
22,2,-10.0781,-22.6719,1,3,2.072187621,"EX"
22,2,-10.0781,-22.6719,1,4,0.225039723,"EX"
22,2,-10.0781,-22.6719,1,5,NA,"EX"
22,2,-10.0781,-22.6719,1,6,-1.010729349,"EX"
22,2,-10.0781,-22.6719,2,1,0.841657466,"EX"
22,2,-10.0781,-22.6719,2,2,NA,"EX"
22,2,-10.0781,-22.6719,2,3,1.12825624,"EX"
22,2,-10.0781,-22.6719,2,4,1.154078934,"EX"
22,2,-10.0781,-22.6719,2,5,-0.073645141,"EX"
22,2,-10.0781,-22.6719,2,6,-0.320681573,"EX"
23,2,-9.0781,-25.6719,1,1,1.381750634,"EX"
23,2,-9.0781,-25.6719,1,2,NA,"EX"
23,2,-9.0781,-25.6719,1,3,0.735676188,"EX"
23,2,-9.0781,-25.6719,1,4,0.586037297,"EX"
23,2,-9.0781,-25.6719,1,5,-0.037306155,"EX"
23,2,-9.0781,-25.6719,1,6,-0.830448377,"EX"
23,2,-9.0781,-25.6719,2,1,1.634058821,"EX"
23,2,-9.0781,-25.6719,2,2,-1.880795591,"EX"
23,2,-9.0781,-25.6719,2,3,-0.398267323,"EX"
23,2,-9.0781,-25.6719,2,4,NA,"EX"
23,2,-9.0781,-25.6719,2,5,-0.189574596,"EX"
23,2,-9.0781,-25.6719,2,6,0.28531969,"EX"
24,1,6.9219,2.32810000000001,1,1,0.461671434,"EX"
24,1,6.9219,2.32810000000001,1,2,0.053939347,"EX"
24,1,6.9219,2.32810000000001,1,3,1.366549457,"EX"
24,1,6.9219,2.32810000000001,1,4,1.626149904,"EX"
24,1,6.9219,2.32810000000001,1,5,1.134996776,"EX"
24,1,6.9219,2.32810000000001,1,6,-0.638239586,"EX"
24,1,6.9219,2.32810000000001,2,1,-0.531544853,"EX"
24,1,6.9219,2.32810000000001,2,2,0.5999452,"EX"
24,1,6.9219,2.32810000000001,2,3,0.125173061,"EX"
24,1,6.9219,2.32810000000001,2,4,2.35317626,"EX"
24,1,6.9219,2.32810000000001,2,5,-0.856469497,"EX"
24,1,6.9219,2.32810000000001,2,6,-0.875964012,"EX"
25,1,-9.0781,-6.67189999999999,1,1,2.004329135,"EX"
25,1,-9.0781,-6.67189999999999,1,2,NA,"EX"
25,1,-9.0781,-6.67189999999999,1,3,0.23082403,"EX"
25,1,-9.0781,-6.67189999999999,1,4,0.965972635,"EX"
25,1,-9.0781,-6.67189999999999,1,5,1.593397266,"EX"
25,1,-9.0781,-6.67189999999999,1,6,-0.380002047,"EX"
25,1,-9.0781,-6.67189999999999,2,1,1.375569409,"EX"
25,1,-9.0781,-6.67189999999999,2,2,0.636575167,"EX"
25,1,-9.0781,-6.67189999999999,2,3,-0.634472308,"EX"
25,1,-9.0781,-6.67189999999999,2,4,-0.075230079,"EX"
25,1,-9.0781,-6.67189999999999,2,5,-1.061405997,"EX"
25,1,-9.0781,-6.67189999999999,2,6,-1.1958563,"EX"
26,2,9.9219,19.3281,1,1,2.090360183,"EX"
26,2,9.9219,19.3281,1,2,0.416302373,"EX"
26,2,9.9219,19.3281,1,3,-0.144956427,"EX"
26,2,9.9219,19.3281,1,4,-0.748949204,"EX"
26,2,9.9219,19.3281,1,5,-0.27785039,"EX"
26,2,9.9219,19.3281,1,6,-0.589923573,"EX"
26,2,9.9219,19.3281,2,1,2.692764761,"EX"
26,2,9.9219,19.3281,2,2,-0.63525373,"EX"
26,2,9.9219,19.3281,2,3,-0.087476322,"EX"
26,2,9.9219,19.3281,2,4,0.26745352,"EX"
26,2,9.9219,19.3281,2,5,0.837425046,"EX"
26,2,9.9219,19.3281,2,6,-0.872944465,"EX"
27,1,-8.0781,-0.671899999999994,1,1,1.263736193,"EX"
27,1,-8.0781,-0.671899999999994,1,2,0.089226736,"EX"
27,1,-8.0781,-0.671899999999994,1,3,-1.320913609,"EX"
27,1,-8.0781,-0.671899999999994,1,4,NA,"EX"
27,1,-8.0781,-0.671899999999994,1,5,NA,"EX"
27,1,-8.0781,-0.671899999999994,1,6,-0.275634379,"EX"
27,1,-8.0781,-0.671899999999994,2,1,0.979503254,"EX"
27,1,-8.0781,-0.671899999999994,2,2,0.023111778,"EX"
27,1,-8.0781,-0.671899999999994,2,3,0.017539879,"EX"
27,1,-8.0781,-0.671899999999994,2,4,0.370250798,"EX"
27,1,-8.0781,-0.671899999999994,2,5,1.335768694,"EX"
27,1,-8.0781,-0.671899999999994,2,6,0.311531639,"EX"
28,1,-0.0780999999999992,12.3281,1,1,3.491011613,"EX"
28,1,-0.0780999999999992,12.3281,1,2,1.846177441,"EX"
28,1,-0.0780999999999992,12.3281,1,3,NA,"EX"
28,1,-0.0780999999999992,12.3281,1,4,-0.358707296,"EX"
28,1,-0.0780999999999992,12.3281,1,5,0.296881359,"EX"
28,1,-0.0780999999999992,12.3281,1,6,0.134342496,"EX"
28,1,-0.0780999999999992,12.3281,2,1,0.233651116,"EX"
28,1,-0.0780999999999992,12.3281,2,2,0.05296919,"EX"
28,1,-0.0780999999999992,12.3281,2,3,-0.392785741,"EX"
28,1,-0.0780999999999992,12.3281,2,4,-0.60944082,"EX"
28,1,-0.0780999999999992,12.3281,2,5,NA,"EX"
28,1,-0.0780999999999992,12.3281,2,6,-0.2867131,"EX"
29,2,3.9219,-19.6719,1,1,1.161240168,"EX"
29,2,3.9219,-19.6719,1,2,1.342657873,"EX"
29,2,3.9219,-19.6719,1,3,0.809483527,"EX"
29,2,3.9219,-19.6719,1,4,-0.04213177,"EX"
29,2,3.9219,-19.6719,1,5,0.685797142,"EX"
29,2,3.9219,-19.6719,1,6,-0.293670391,"EX"
29,2,3.9219,-19.6719,2,1,1.71903124,"EX"
29,2,3.9219,-19.6719,2,2,1.592812111,"EX"
29,2,3.9219,-19.6719,2,3,-1.313408341,"EX"
29,2,3.9219,-19.6719,2,4,-0.215467028,"EX"
29,2,3.9219,-19.6719,2,5,-0.301329481,"EX"
29,2,3.9219,-19.6719,2,6,-0.492137284,"EX"
30,2,-8.0781,-12.6719,1,1,2.078749738,"EX"
30,2,-8.0781,-12.6719,1,2,1.250886427,"EX"
30,2,-8.0781,-12.6719,1,3,0.387804147,"EX"
30,2,-8.0781,-12.6719,1,4,-0.464303296,"EX"
30,2,-8.0781,-12.6719,1,5,0.19282151,"EX"
30,2,-8.0781,-12.6719,1,6,-1.48452912,"EX"
30,2,-8.0781,-12.6719,2,1,-0.038934406,"EX"
30,2,-8.0781,-12.6719,2,2,1.013544341,"EX"
30,2,-8.0781,-12.6719,2,3,0.411336568,"EX"
30,2,-8.0781,-12.6719,2,4,-0.230469122,"EX"
30,2,-8.0781,-12.6719,2,5,0.531824869,"EX"
30,2,-8.0781,-12.6719,2,6,-0.992198263,"EX"
31,1,-9.0781,-11.6719,1,1,2.535422903,"EX"
31,1,-9.0781,-11.6719,1,2,0.420033553,"EX"
31,1,-9.0781,-11.6719,1,3,0.979665226,"EX"
31,1,-9.0781,-11.6719,1,4,0.349736542,"EX"
31,1,-9.0781,-11.6719,1,5,-0.821114746,"EX"
31,1,-9.0781,-11.6719,1,6,-0.999616917,"EX"
31,1,-9.0781,-11.6719,2,1,3.237515049,"EX"
31,1,-9.0781,-11.6719,2,2,0.030613283,"EX"
31,1,-9.0781,-11.6719,2,3,-0.649258498,"EX"
31,1,-9.0781,-11.6719,2,4,-0.67366109,"EX"
31,1,-9.0781,-11.6719,2,5,-0.612230008,"EX"
31,1,-9.0781,-11.6719,2,6,-0.573295593,"EX"
32,2,-4.0781,-15.6719,1,1,2.21318028,"EX"
32,2,-4.0781,-15.6719,1,2,-0.355336501,"EX"
32,2,-4.0781,-15.6719,1,3,-0.757784261,"EX"
32,2,-4.0781,-15.6719,1,4,-0.553345912,"EX"
32,2,-4.0781,-15.6719,1,5,-1.241494745,"EX"
32,2,-4.0781,-15.6719,1,6,-1.286360005,"EX"
32,2,-4.0781,-15.6719,2,1,2.135346953,"EX"
32,2,-4.0781,-15.6719,2,2,0.039618303,"EX"
32,2,-4.0781,-15.6719,2,3,0.126043522,"EX"
32,2,-4.0781,-15.6719,2,4,0.367269082,"EX"
32,2,-4.0781,-15.6719,2,5,-0.436355278,"EX"
32,2,-4.0781,-15.6719,2,6,-0.533725972,"EX"
33,1,20.9219,13.3281,1,1,-1.10751093,"EX"
33,1,20.9219,13.3281,1,2,1.32549433,"EX"
33,1,20.9219,13.3281,1,3,0.708010381,"EX"
33,1,20.9219,13.3281,1,4,0.022424327,"EX"
33,1,20.9219,13.3281,1,5,-0.711212628,"EX"
33,1,20.9219,13.3281,1,6,-0.333555248,"EX"
33,1,20.9219,13.3281,2,1,-1.416665267,"EX"
33,1,20.9219,13.3281,2,2,NA,"EX"
33,1,20.9219,13.3281,2,3,-0.734545624,"EX"
33,1,20.9219,13.3281,2,4,-0.931430088,"EX"
33,1,20.9219,13.3281,2,5,1.168065486,"EX"
33,1,20.9219,13.3281,2,6,-1.028784031,"EX"
34,1,-12.0781,12.3281,1,1,1.21622198,"EX"
34,1,-12.0781,12.3281,1,2,0.522447483,"EX"
34,1,-12.0781,12.3281,1,3,-0.073494604,"EX"
34,1,-12.0781,12.3281,1,4,0.17096378,"EX"
34,1,-12.0781,12.3281,1,5,-1.32826727,"EX"
34,1,-12.0781,12.3281,1,6,-1.508596237,"EX"
34,1,-12.0781,12.3281,2,1,0.850319412,"EX"
34,1,-12.0781,12.3281,2,2,0.468495168,"EX"
34,1,-12.0781,12.3281,2,3,-0.592628401,"EX"
34,1,-12.0781,12.3281,2,4,2.07242204,"EX"
34,1,-12.0781,12.3281,2,5,-0.661068583,"EX"
34,1,-12.0781,12.3281,2,6,NA,"EX"
35,1,20.9219,14.3281,1,1,0.956121433,"EX"
35,1,20.9219,14.3281,1,2,0.913997942,"EX"
35,1,20.9219,14.3281,1,3,0.857577788,"EX"
35,1,20.9219,14.3281,1,4,0.235578243,"EX"
35,1,20.9219,14.3281,1,5,0.128995323,"EX"
35,1,20.9219,14.3281,1,6,-0.36134985,"EX"
35,1,20.9219,14.3281,2,1,0.193715425,"EX"
35,1,20.9219,14.3281,2,2,0.238305998,"EX"
35,1,20.9219,14.3281,2,3,0.061180972,"EX"
35,1,20.9219,14.3281,2,4,-1.038010318,"EX"
35,1,20.9219,14.3281,2,5,0.529635832,"EX"
35,1,20.9219,14.3281,2,6,1.233911795,"EX"
36,1,8.9219,-1.67189999999999,1,1,0.898991458,"EX"
36,1,8.9219,-1.67189999999999,1,2,1.403941935,"EX"
36,1,8.9219,-1.67189999999999,1,3,-0.344152399,"EX"
36,1,8.9219,-1.67189999999999,1,4,-0.348512462,"EX"
36,1,8.9219,-1.67189999999999,1,5,1.879401448,"EX"
36,1,8.9219,-1.67189999999999,1,6,-1.105643301,"EX"
36,1,8.9219,-1.67189999999999,2,1,0.942495382,"EX"
36,1,8.9219,-1.67189999999999,2,2,0.610746733,"EX"
36,1,8.9219,-1.67189999999999,2,3,0.538933011,"EX"
36,1,8.9219,-1.67189999999999,2,4,-0.186616583,"EX"
36,1,8.9219,-1.67189999999999,2,5,0.692666768,"EX"
36,1,8.9219,-1.67189999999999,2,6,-1.530071137,"EX"
37,2,2.9219,23.3281,1,1,1.959840229,"EX"
37,2,2.9219,23.3281,1,2,0.943128453,"EX"
37,2,2.9219,23.3281,1,3,0.632979004,"EX"
37,2,2.9219,23.3281,1,4,0.029146761,"EX"
37,2,2.9219,23.3281,1,5,-0.491763281,"EX"
37,2,2.9219,23.3281,1,6,-0.463580727,"EX"
37,2,2.9219,23.3281,2,1,1.435392644,"EX"
37,2,2.9219,23.3281,2,2,-0.319691862,"EX"
37,2,2.9219,23.3281,2,3,-0.662570451,"EX"
37,2,2.9219,23.3281,2,4,-0.582716607,"EX"
37,2,2.9219,23.3281,2,5,-0.887516553,"EX"
37,2,2.9219,23.3281,2,6,0.03262541,"EX"
38,2,-3.0781,23.3281,1,1,4.261661849,"EX"
38,2,-3.0781,23.3281,1,2,1.003072949,"EX"
38,2,-3.0781,23.3281,1,3,-0.51048786,"EX"
38,2,-3.0781,23.3281,1,4,0.309523564,"EX"
38,2,-3.0781,23.3281,1,5,-0.262508445,"EX"
38,2,-3.0781,23.3281,1,6,-0.669776847,"EX"
38,2,-3.0781,23.3281,2,1,0.689232535,"EX"
38,2,-3.0781,23.3281,2,2,-0.688864149,"EX"
38,2,-3.0781,23.3281,2,3,0.082694166,"EX"
38,2,-3.0781,23.3281,2,4,-0.377373981,"EX"
38,2,-3.0781,23.3281,2,5,0.267352239,"EX"
38,2,-3.0781,23.3281,2,6,0.131297107,"EX"
39,1,11.9219,-1.67189999999999,1,1,0.490569132,"EX"
39,1,11.9219,-1.67189999999999,1,2,0.031281206,"EX"
39,1,11.9219,-1.67189999999999,1,3,-1.483655396,"EX"
39,1,11.9219,-1.67189999999999,1,4,0.070374943,"EX"
39,1,11.9219,-1.67189999999999,1,5,0.618257684,"EX"
39,1,11.9219,-1.67189999999999,1,6,0.105982977,"EX"
39,1,11.9219,-1.67189999999999,2,1,-0.402156074,"EX"
39,1,11.9219,-1.67189999999999,2,2,0.434932371,"EX"
39,1,11.9219,-1.67189999999999,2,3,0.769776513,"EX"
39,1,11.9219,-1.67189999999999,2,4,2.385225433,"EX"
39,1,11.9219,-1.67189999999999,2,5,0.806750164,"EX"
39,1,11.9219,-1.67189999999999,2,6,-0.126140774,"EX"
40,2,0.921900000000001,-14.6719,1,1,2.698549305,"EX"
40,2,0.921900000000001,-14.6719,1,2,-0.021437662,"EX"
40,2,0.921900000000001,-14.6719,1,3,1.282633871,"EX"
40,2,0.921900000000001,-14.6719,1,4,-1.30203132,"EX"
40,2,0.921900000000001,-14.6719,1,5,-0.228345627,"EX"
40,2,0.921900000000001,-14.6719,1,6,-1.378087467,"EX"
40,2,0.921900000000001,-14.6719,2,1,-0.930623039,"EX"
40,2,0.921900000000001,-14.6719,2,2,0.798937096,"EX"
40,2,0.921900000000001,-14.6719,2,3,-0.458591038,"EX"
40,2,0.921900000000001,-14.6719,2,4,-0.67248418,"EX"
40,2,0.921900000000001,-14.6719,2,5,-0.346051922,"EX"
40,2,0.921900000000001,-14.6719,2,6,-0.150228047,"EX"
41,2,-5.0781,-16.6719,1,1,-1.135311532,"EX"
41,2,-5.0781,-16.6719,1,2,0.034545702,"EX"
41,2,-5.0781,-16.6719,1,3,0.993883515,"EX"
41,2,-5.0781,-16.6719,1,4,-0.409973647,"EX"
41,2,-5.0781,-16.6719,1,5,-0.28638742,"EX"
41,2,-5.0781,-16.6719,1,6,-0.5742879,"EX"
41,2,-5.0781,-16.6719,2,1,2.496247072,"EX"
41,2,-5.0781,-16.6719,2,2,2.125795111,"EX"
41,2,-5.0781,-16.6719,2,3,-0.780989753,"EX"
41,2,-5.0781,-16.6719,2,4,0.538957597,"EX"
41,2,-5.0781,-16.6719,2,5,0.825220412,"EX"
41,2,-5.0781,-16.6719,2,6,-0.996581008,"EX"
42,2,3.9219,-5.67189999999999,1,1,-0.538079036,"EX"
42,2,3.9219,-5.67189999999999,1,2,1.552991929,"EX"
42,2,3.9219,-5.67189999999999,1,3,1.395729606,"EX"
42,2,3.9219,-5.67189999999999,1,4,-0.053031023,"EX"
42,2,3.9219,-5.67189999999999,1,5,1.824971184,"EX"
42,2,3.9219,-5.67189999999999,1,6,0.78189807,"EX"
42,2,3.9219,-5.67189999999999,2,1,0.966400386,"EX"
42,2,3.9219,-5.67189999999999,2,2,-0.082309272,"EX"
42,2,3.9219,-5.67189999999999,2,3,0.414791083,"EX"
42,2,3.9219,-5.67189999999999,2,4,NA,"EX"
42,2,3.9219,-5.67189999999999,2,5,2.397696951,"EX"
42,2,3.9219,-5.67189999999999,2,6,-0.788724627,"EX"
43,1,-8.0781,-14.6719,1,1,0.106244849,"EX"
43,1,-8.0781,-14.6719,1,2,-0.62200299,"EX"
43,1,-8.0781,-14.6719,1,3,-0.036401494,"EX"
43,1,-8.0781,-14.6719,1,4,2.767959079,"EX"
43,1,-8.0781,-14.6719,1,5,0.966879608,"EX"
43,1,-8.0781,-14.6719,1,6,1.245191233,"EX"
43,1,-8.0781,-14.6719,2,1,1.09867793,"EX"
43,1,-8.0781,-14.6719,2,2,-1.207809811,"EX"
43,1,-8.0781,-14.6719,2,3,0.376802021,"EX"
43,1,-8.0781,-14.6719,2,4,1.87083801,"EX"
43,1,-8.0781,-14.6719,2,5,0.902880391,"EX"
43,1,-8.0781,-14.6719,2,6,0.282413972,"EX"
44,1,-3.0781,-19.6719,1,1,0.149687034,"EX"
44,1,-3.0781,-19.6719,1,2,1.712331223,"EX"
44,1,-3.0781,-19.6719,1,3,0.408015568,"EX"
44,1,-3.0781,-19.6719,1,4,0.539662476,"EX"
44,1,-3.0781,-19.6719,1,5,NA,"EX"
44,1,-3.0781,-19.6719,1,6,NA,"EX"
44,1,-3.0781,-19.6719,2,1,1.151291932,"EX"
44,1,-3.0781,-19.6719,2,2,0.848216946,"EX"
44,1,-3.0781,-19.6719,2,3,0.85205205,"EX"
44,1,-3.0781,-19.6719,2,4,-0.139606216,"EX"
44,1,-3.0781,-19.6719,2,5,0.846358314,"EX"
44,1,-3.0781,-19.6719,2,6,NA,"EX"
45,2,-0.0780999999999992,4.32810000000001,1,1,0.499859759,"EX"
45,2,-0.0780999999999992,4.32810000000001,1,2,0.924024727,"EX"
45,2,-0.0780999999999992,4.32810000000001,1,3,1.101537409,"EX"
45,2,-0.0780999999999992,4.32810000000001,1,4,0.434062893,"EX"
45,2,-0.0780999999999992,4.32810000000001,1,5,1.149660422,"EX"
45,2,-0.0780999999999992,4.32810000000001,1,6,-0.062195464,"EX"
45,2,-0.0780999999999992,4.32810000000001,2,1,-0.622065412,"EX"
45,2,-0.0780999999999992,4.32810000000001,2,2,-1.020668494,"EX"
45,2,-0.0780999999999992,4.32810000000001,2,3,0.381744077,"EX"
45,2,-0.0780999999999992,4.32810000000001,2,4,-0.59559597,"EX"
45,2,-0.0780999999999992,4.32810000000001,2,5,0.050069019,"EX"
45,2,-0.0780999999999992,4.32810000000001,2,6,-0.851019418,"EX"
46,1,6.9219,3.32810000000001,1,1,0.765133068,"EX"
46,1,6.9219,3.32810000000001,1,2,2.563539047,"EX"
46,1,6.9219,3.32810000000001,1,3,NA,"EX"
46,1,6.9219,3.32810000000001,1,4,1.939078748,"EX"
46,1,6.9219,3.32810000000001,1,5,1.022191726,"EX"
46,1,6.9219,3.32810000000001,1,6,-0.461575879,"EX"
46,1,6.9219,3.32810000000001,2,1,-0.235023316,"EX"
46,1,6.9219,3.32810000000001,2,2,0.835467347,"EX"
46,1,6.9219,3.32810000000001,2,3,-0.685276248,"EX"
46,1,6.9219,3.32810000000001,2,4,-0.972966054,"EX"
46,1,6.9219,3.32810000000001,2,5,0.530610472,"EX"
46,1,6.9219,3.32810000000001,2,6,-1.14585799,"EX"
47,1,2.9219,-15.6719,1,1,2.478909859,"EX"
47,1,2.9219,-15.6719,1,2,1.393894373,"EX"
47,1,2.9219,-15.6719,1,3,0.868687425,"EX"
47,1,2.9219,-15.6719,1,4,-0.275304393,"EX"
47,1,2.9219,-15.6719,1,5,0.164241265,"EX"
47,1,2.9219,-15.6719,1,6,0.327263132,"EX"
47,1,2.9219,-15.6719,2,1,0.369577275,"EX"
47,1,2.9219,-15.6719,2,2,-0.244260416,"EX"
47,1,2.9219,-15.6719,2,3,0.587329959,"EX"
47,1,2.9219,-15.6719,2,4,0.136426999,"EX"
47,1,2.9219,-15.6719,2,5,-0.029626233,"EX"
47,1,2.9219,-15.6719,2,6,0.20628254,"EX"
48,1,9.9219,4.32810000000001,1,1,-0.739666094,"EX"
48,1,9.9219,4.32810000000001,1,2,1.002913717,"EX"
48,1,9.9219,4.32810000000001,1,3,0.971835055,"EX"
48,1,9.9219,4.32810000000001,1,4,NA,"EX"
48,1,9.9219,4.32810000000001,1,5,-0.96448408,"EX"
48,1,9.9219,4.32810000000001,1,6,-0.510910026,"EX"
48,1,9.9219,4.32810000000001,2,1,1.9085078,"EX"
48,1,9.9219,4.32810000000001,2,2,-0.844205324,"EX"
48,1,9.9219,4.32810000000001,2,3,-0.710507109,"EX"
48,1,9.9219,4.32810000000001,2,4,-0.9023167,"EX"
48,1,9.9219,4.32810000000001,2,5,0.340087518,"EX"
48,1,9.9219,4.32810000000001,2,6,-0.659331253,"EX"
49,1,10.9219,14.3281,1,1,-1.645463968,"EX"
49,1,10.9219,14.3281,1,2,0.427642473,"EX"
49,1,10.9219,14.3281,1,3,0.998849928,"EX"
49,1,10.9219,14.3281,1,4,0.850822856,"EX"
49,1,10.9219,14.3281,1,5,0.652879679,"EX"
49,1,10.9219,14.3281,1,6,-1.197346022,"EX"
49,1,10.9219,14.3281,2,1,0.322042041,"EX"
49,1,10.9219,14.3281,2,2,-0.269492499,"EX"
49,1,10.9219,14.3281,2,3,1.247954041,"EX"
49,1,10.9219,14.3281,2,4,0.760411388,"EX"
49,1,10.9219,14.3281,2,5,NA,"EX"
49,1,10.9219,14.3281,2,6,-1.122640914,"EX"
50,2,-9.0781,-2.67189999999999,1,1,-0.206755335,"EX"
50,2,-9.0781,-2.67189999999999,1,2,0.846285451,"EX"
50,2,-9.0781,-2.67189999999999,1,3,0.207423602,"EX"
50,2,-9.0781,-2.67189999999999,1,4,2.086676953,"EX"
50,2,-9.0781,-2.67189999999999,1,5,1.083412111,"EX"
50,2,-9.0781,-2.67189999999999,1,6,0.769568982,"EX"
50,2,-9.0781,-2.67189999999999,2,1,0.47858791,"EX"
50,2,-9.0781,-2.67189999999999,2,2,1.503960066,"EX"
50,2,-9.0781,-2.67189999999999,2,3,0.072451744,"EX"
50,2,-9.0781,-2.67189999999999,2,4,-0.668274743,"EX"
50,2,-9.0781,-2.67189999999999,2,5,0.608430052,"EX"
50,2,-9.0781,-2.67189999999999,2,6,0.282289365,"EX"
51,2,-1.0781,-14.6719,1,1,1.223586488,"EX"
51,2,-1.0781,-14.6719,1,2,1.640336194,"EX"
51,2,-1.0781,-14.6719,1,3,0.307027414,"EX"
51,2,-1.0781,-14.6719,1,4,0.557648884,"EX"
51,2,-1.0781,-14.6719,1,5,1.193096584,"EX"
51,2,-1.0781,-14.6719,1,6,0.461743697,"EX"
51,2,-1.0781,-14.6719,2,1,0.998857421,"EX"
51,2,-1.0781,-14.6719,2,2,0.165438758,"EX"
51,2,-1.0781,-14.6719,2,3,-0.522177048,"EX"
51,2,-1.0781,-14.6719,2,4,-0.790891739,"EX"
51,2,-1.0781,-14.6719,2,5,NA,"EX"
51,2,-1.0781,-14.6719,2,6,-0.865051607,"EX"
52,2,-12.0781,-10.6719,1,1,1.612323814,"EX"
52,2,-12.0781,-10.6719,1,2,0.780645922,"EX"
52,2,-12.0781,-10.6719,1,3,2.085229032,"EX"
52,2,-12.0781,-10.6719,1,4,0.404374094,"EX"
52,2,-12.0781,-10.6719,1,5,1.07593874,"EX"
52,2,-12.0781,-10.6719,1,6,-0.291856288,"EX"
52,2,-12.0781,-10.6719,2,1,0.210100234,"EX"
52,2,-12.0781,-10.6719,2,2,0.221686262,"EX"
52,2,-12.0781,-10.6719,2,3,1.386337743,"EX"
52,2,-12.0781,-10.6719,2,4,0.302705308,"EX"
52,2,-12.0781,-10.6719,2,5,0.587092723,"EX"
52,2,-12.0781,-10.6719,2,6,0.056306639,"EX"
53,2,-9.0781,-2.67189999999999,1,1,1.44736003,"EX"
53,2,-9.0781,-2.67189999999999,1,2,2.051193992,"EX"
53,2,-9.0781,-2.67189999999999,1,3,1.637867806,"EX"
53,2,-9.0781,-2.67189999999999,1,4,-0.064427651,"EX"
53,2,-9.0781,-2.67189999999999,1,5,0.611375454,"EX"
53,2,-9.0781,-2.67189999999999,1,6,-1.138096019,"EX"
53,2,-9.0781,-2.67189999999999,2,1,1.69054771,"EX"
53,2,-9.0781,-2.67189999999999,2,2,-0.385611905,"EX"
53,2,-9.0781,-2.67189999999999,2,3,-0.394725661,"EX"
53,2,-9.0781,-2.67189999999999,2,4,0.409001977,"EX"
53,2,-9.0781,-2.67189999999999,2,5,2.129155174,"EX"
53,2,-9.0781,-2.67189999999999,2,6,-0.648027805,"EX"
54,1,19.9219,8.32810000000001,1,1,1.878849103,"EX"
54,1,19.9219,8.32810000000001,1,2,0.123908685,"EX"
54,1,19.9219,8.32810000000001,1,3,0.676036682,"EX"
54,1,19.9219,8.32810000000001,1,4,-0.738707746,"EX"
54,1,19.9219,8.32810000000001,1,5,-0.521450005,"EX"
54,1,19.9219,8.32810000000001,1,6,-0.244508683,"EX"
54,1,19.9219,8.32810000000001,2,1,1.263129785,"EX"
54,1,19.9219,8.32810000000001,2,2,-0.516084854,"EX"
54,1,19.9219,8.32810000000001,2,3,-0.75329252,"EX"
54,1,19.9219,8.32810000000001,2,4,0.995815053,"EX"
54,1,19.9219,8.32810000000001,2,5,0.904373631,"EX"
54,1,19.9219,8.32810000000001,2,6,-1.367701446,"EX"
55,2,-1.0781,-4.67189999999999,1,1,0.705569284,"EX"
55,2,-1.0781,-4.67189999999999,1,2,1.347739892,"EX"
55,2,-1.0781,-4.67189999999999,1,3,0.959229245,"EX"
55,2,-1.0781,-4.67189999999999,1,4,0.639775379,"EX"
55,2,-1.0781,-4.67189999999999,1,5,0.083080668,"EX"
55,2,-1.0781,-4.67189999999999,1,6,0.722470849,"EX"
55,2,-1.0781,-4.67189999999999,2,1,0.047544532,"EX"
55,2,-1.0781,-4.67189999999999,2,2,1.06416178,"EX"
55,2,-1.0781,-4.67189999999999,2,3,0.277189987,"EX"
55,2,-1.0781,-4.67189999999999,2,4,-0.243438529,"EX"
55,2,-1.0781,-4.67189999999999,2,5,2.019761998,"EX"
55,2,-1.0781,-4.67189999999999,2,6,-0.354598458,"EX"
56,2,33.9219,44.3281,1,1,1.145586118,"EX"
56,2,33.9219,44.3281,1,2,-0.043955977,"EX"
56,2,33.9219,44.3281,1,3,NA,"EX"
56,2,33.9219,44.3281,1,4,-0.006153276,"EX"
56,2,33.9219,44.3281,1,5,0.8182751,"EX"
56,2,33.9219,44.3281,1,6,-0.037632508,"EX"
56,2,33.9219,44.3281,2,1,1.910854056,"EX"
56,2,33.9219,44.3281,2,2,1.168650501,"EX"
56,2,33.9219,44.3281,2,3,0.327672592,"EX"
56,2,33.9219,44.3281,2,4,0.022549944,"EX"
56,2,33.9219,44.3281,2,5,-0.991010317,"EX"
56,2,33.9219,44.3281,2,6,0.265252756,"EX"
57,1,-10.0781,-23.6719,1,1,-0.005370293,"EX"
57,1,-10.0781,-23.6719,1,2,0.453784184,"EX"
57,1,-10.0781,-23.6719,1,3,-1.267420877,"EX"
57,1,-10.0781,-23.6719,1,4,0.500396883,"EX"
57,1,-10.0781,-23.6719,1,5,-0.122218411,"EX"
57,1,-10.0781,-23.6719,1,6,1.161228586,"EX"
57,1,-10.0781,-23.6719,2,1,-1.136269573,"EX"
57,1,-10.0781,-23.6719,2,2,0.140584287,"EX"
57,1,-10.0781,-23.6719,2,3,-0.380547716,"EX"
57,1,-10.0781,-23.6719,2,4,0.157323808,"EX"
57,1,-10.0781,-23.6719,2,5,1.25506329,"EX"
57,1,-10.0781,-23.6719,2,6,-1.424970377,"EX"
58,1,12.9219,34.3281,1,1,-0.722891465,"EX"
58,1,12.9219,34.3281,1,2,-0.41275873,"EX"
58,1,12.9219,34.3281,1,3,1.38886788,"EX"
58,1,12.9219,34.3281,1,4,-1.678463919,"EX"
58,1,12.9219,34.3281,1,5,1.795154449,"EX"
58,1,12.9219,34.3281,1,6,-0.937166443,"EX"
58,1,12.9219,34.3281,2,1,-0.527259316,"EX"
58,1,12.9219,34.3281,2,2,-0.669520105,"EX"
58,1,12.9219,34.3281,2,3,-1.305102811,"EX"
58,1,12.9219,34.3281,2,4,-0.332148349,"EX"
58,1,12.9219,34.3281,2,5,0.344036733,"EX"
58,1,12.9219,34.3281,2,6,-0.203671187,"EX"
59,1,-15.0781,-14.6719,1,1,1.081695388,"EX"
59,1,-15.0781,-14.6719,1,2,0.251377545,"EX"
59,1,-15.0781,-14.6719,1,3,2.510413746,"EX"
59,1,-15.0781,-14.6719,1,4,-0.991977502,"EX"
59,1,-15.0781,-14.6719,1,5,-0.137761945,"EX"
59,1,-15.0781,-14.6719,1,6,-1.404672093,"EX"
59,1,-15.0781,-14.6719,2,1,1.183365005,"EX"
59,1,-15.0781,-14.6719,2,2,0.213574526,"EX"
59,1,-15.0781,-14.6719,2,3,-0.237911683,"EX"
59,1,-15.0781,-14.6719,2,4,0.887001502,"EX"
59,1,-15.0781,-14.6719,2,5,-0.797975637,"EX"
59,1,-15.0781,-14.6719,2,6,-1.464415246,"EX"
60,2,-6.0781,0.328100000000006,1,1,0.982634593,"EX"
60,2,-6.0781,0.328100000000006,1,2,-0.142016405,"EX"
60,2,-6.0781,0.328100000000006,1,3,1.219336131,"EX"
60,2,-6.0781,0.328100000000006,1,4,-0.88323937,"EX"
60,2,-6.0781,0.328100000000006,1,5,0.012598907,"EX"
60,2,-6.0781,0.328100000000006,1,6,-1.353716009,"EX"
60,2,-6.0781,0.328100000000006,2,1,1.936848741,"EX"
60,2,-6.0781,0.328100000000006,2,2,0.488544135,"EX"
60,2,-6.0781,0.328100000000006,2,3,0.179986867,"EX"
60,2,-6.0781,0.328100000000006,2,4,0.132235563,"EX"
60,2,-6.0781,0.328100000000006,2,5,1.317803526,"EX"
60,2,-6.0781,0.328100000000006,2,6,-0.822880452,"EX"
61,2,-6.0781,4.32810000000001,1,1,1.742339857,"EX"
61,2,-6.0781,4.32810000000001,1,2,0.675013742,"EX"
61,2,-6.0781,4.32810000000001,1,3,1.140544057,"EX"
61,2,-6.0781,4.32810000000001,1,4,-0.555066412,"EX"
61,2,-6.0781,4.32810000000001,1,5,1.401992779,"EX"
61,2,-6.0781,4.32810000000001,1,6,-0.925309175,"EX"
61,2,-6.0781,4.32810000000001,2,1,2.539084289,"EX"
61,2,-6.0781,4.32810000000001,2,2,0.624764319,"EX"
61,2,-6.0781,4.32810000000001,2,3,-0.470392753,"EX"
61,2,-6.0781,4.32810000000001,2,4,0.122801111,"EX"
61,2,-6.0781,4.32810000000001,2,5,-0.140280264,"EX"
61,2,-6.0781,4.32810000000001,2,6,-0.837756111,"EX"
62,1,8.9219,5.32810000000001,1,1,-0.168716739,"EX"
62,1,8.9219,5.32810000000001,1,2,1.523091364,"EX"
62,1,8.9219,5.32810000000001,1,3,-0.804717427,"EX"
62,1,8.9219,5.32810000000001,1,4,NA,"EX"
62,1,8.9219,5.32810000000001,1,5,0.554076061,"EX"
62,1,8.9219,5.32810000000001,1,6,0.543288054,"EX"
62,1,8.9219,5.32810000000001,2,1,NA,"EX"
62,1,8.9219,5.32810000000001,2,2,2.147956978,"EX"
62,1,8.9219,5.32810000000001,2,3,-0.647485128,"EX"
62,1,8.9219,5.32810000000001,2,4,-0.553361221,"EX"
62,1,8.9219,5.32810000000001,2,5,-0.608602754,"EX"
62,1,8.9219,5.32810000000001,2,6,1.417886612,"EX"
63,2,0.921900000000001,38.3281,1,1,-0.503311076,"EX"
63,2,0.921900000000001,38.3281,1,2,-0.387794509,"EX"
63,2,0.921900000000001,38.3281,1,3,NA,"EX"
63,2,0.921900000000001,38.3281,1,4,NA,"EX"
63,2,0.921900000000001,38.3281,1,5,-0.21382232,"EX"
63,2,0.921900000000001,38.3281,1,6,-0.550609304,"EX"
63,2,0.921900000000001,38.3281,2,1,-0.682996065,"EX"
63,2,0.921900000000001,38.3281,2,2,-0.108336678,"EX"
63,2,0.921900000000001,38.3281,2,3,-0.340775216,"EX"
63,2,0.921900000000001,38.3281,2,4,-0.201350715,"EX"
63,2,0.921900000000001,38.3281,2,5,NA,"EX"
63,2,0.921900000000001,38.3281,2,6,-0.504357082,"EX"
64,1,-5.0781,0.328100000000006,1,1,0.514554186,"EX"
64,1,-5.0781,0.328100000000006,1,2,-0.712058871,"EX"
64,1,-5.0781,0.328100000000006,1,3,0.176018189,"EX"
64,1,-5.0781,0.328100000000006,1,4,-0.48070062,"EX"
64,1,-5.0781,0.328100000000006,1,5,-0.333672443,"EX"
64,1,-5.0781,0.328100000000006,1,6,-0.517797395,"EX"
64,1,-5.0781,0.328100000000006,2,1,1.651379302,"EX"
64,1,-5.0781,0.328100000000006,2,2,0.797882364,"EX"
64,1,-5.0781,0.328100000000006,2,3,0.523740996,"EX"
64,1,-5.0781,0.328100000000006,2,4,0.600546683,"EX"
64,1,-5.0781,0.328100000000006,2,5,-0.256878691,"EX"
64,1,-5.0781,0.328100000000006,2,6,-0.36436164,"EX"
65,1,-3.0781,-21.6719,1,1,-1.063100455,"EX"
65,1,-3.0781,-21.6719,1,2,1.526621615,"EX"
65,1,-3.0781,-21.6719,1,3,0.239786663,"EX"
65,1,-3.0781,-21.6719,1,4,0.108005636,"EX"
65,1,-3.0781,-21.6719,1,5,-0.259382079,"EX"
65,1,-3.0781,-21.6719,1,6,-1.21447017,"EX"
65,1,-3.0781,-21.6719,2,1,-0.245250496,"EX"
65,1,-3.0781,-21.6719,2,2,0.854389082,"EX"
65,1,-3.0781,-21.6719,2,3,1.203061674,"EX"
65,1,-3.0781,-21.6719,2,4,-1.097898018,"EX"
65,1,-3.0781,-21.6719,2,5,NA,"EX"
65,1,-3.0781,-21.6719,2,6,-0.131327425,"EX"
66,2,-6.0781,-6.67189999999999,1,1,0.761386846,"EX"
66,2,-6.0781,-6.67189999999999,1,2,0.123483746,"EX"
66,2,-6.0781,-6.67189999999999,1,3,-0.054179565,"EX"
66,2,-6.0781,-6.67189999999999,1,4,2.269665479,"EX"
66,2,-6.0781,-6.67189999999999,1,5,0.821115532,"EX"
66,2,-6.0781,-6.67189999999999,1,6,-0.425635253,"EX"
66,2,-6.0781,-6.67189999999999,2,1,-0.365655203,"EX"
66,2,-6.0781,-6.67189999999999,2,2,0.817550813,"EX"
66,2,-6.0781,-6.67189999999999,2,3,-0.579538305,"EX"
66,2,-6.0781,-6.67189999999999,2,4,2.124500015,"EX"
66,2,-6.0781,-6.67189999999999,2,5,0.349284828,"EX"
66,2,-6.0781,-6.67189999999999,2,6,-0.813663533,"EX"
1,2,0.921900000000001,17.3281,1,1,-0.135694248,"REEX"
1,2,0.921900000000001,17.3281,1,2,-0.167413217,"REEX"
1,2,0.921900000000001,17.3281,1,3,-0.730187291,"REEX"
1,2,0.921900000000001,17.3281,2,1,1.407442737,"REEX"
1,2,0.921900000000001,17.3281,2,2,-1.98481574,"REEX"
1,2,0.921900000000001,17.3281,2,3,1.367397532,"REEX"
2,1,-12.0781,-31.6719,1,1,-0.597530118,"REEX"
2,1,-12.0781,-31.6719,1,2,-0.274192815,"REEX"
2,1,-12.0781,-31.6719,1,3,NA,"REEX"
2,1,-12.0781,-31.6719,2,1,0.660676129,"REEX"
2,1,-12.0781,-31.6719,2,2,-0.162213672,"REEX"
2,1,-12.0781,-31.6719,2,3,-1.679130923,"REEX"
3,2,-1.0781,-24.6719,1,1,-0.40212216,"REEX"
3,2,-1.0781,-24.6719,1,2,-0.442810549,"REEX"
3,2,-1.0781,-24.6719,1,3,-0.680131592,"REEX"
3,2,-1.0781,-24.6719,2,1,-0.503828689,"REEX"
3,2,-1.0781,-24.6719,2,2,-0.732851439,"REEX"
3,2,-1.0781,-24.6719,2,3,-0.61246418,"REEX"
4,1,5.9219,-9.67189999999999,1,1,-0.464587159,"REEX"
4,1,5.9219,-9.67189999999999,1,2,-0.473201036,"REEX"
4,1,5.9219,-9.67189999999999,1,3,-0.605045138,"REEX"
4,1,5.9219,-9.67189999999999,2,1,-0.493332347,"REEX"
4,1,5.9219,-9.67189999999999,2,2,NA,"REEX"
4,1,5.9219,-9.67189999999999,2,3,-0.902957737,"REEX"
5,2,-2.0781,-19.6719,1,1,1.001545624,"REEX"
5,2,-2.0781,-19.6719,1,2,-1.650189811,"REEX"
5,2,-2.0781,-19.6719,1,3,-0.239119565,"REEX"
5,2,-2.0781,-19.6719,2,1,-0.478797452,"REEX"
5,2,-2.0781,-19.6719,2,2,1.691140875,"REEX"
5,2,-2.0781,-19.6719,2,3,1.238660111,"REEX"
6,1,1.9219,4.32810000000001,1,1,0.732808247,"REEX"
6,1,1.9219,4.32810000000001,1,2,-1.037137799,"REEX"
6,1,1.9219,4.32810000000001,1,3,NA,"REEX"
6,1,1.9219,4.32810000000001,2,1,0.171848161,"REEX"
6,1,1.9219,4.32810000000001,2,2,0.565052902,"REEX"
6,1,1.9219,4.32810000000001,2,3,-1.082856432,"REEX"
7,2,-6.0781,2.32810000000001,1,1,-0.673716636,"REEX"
7,2,-6.0781,2.32810000000001,1,2,-0.969686618,"REEX"
7,2,-6.0781,2.32810000000001,1,3,0.173877326,"REEX"
7,2,-6.0781,2.32810000000001,2,1,-0.031908361,"REEX"
7,2,-6.0781,2.32810000000001,2,2,NA,"REEX"
7,2,-6.0781,2.32810000000001,2,3,-0.614135527,"REEX"
8,1,-2.0781,2.32810000000001,1,1,NA,"REEX"
8,1,-2.0781,2.32810000000001,1,2,0.312508124,"REEX"
8,1,-2.0781,2.32810000000001,1,3,0.557578303,"REEX"
8,1,-2.0781,2.32810000000001,2,1,-0.99157379,"REEX"
8,1,-2.0781,2.32810000000001,2,2,-0.106794107,"REEX"
8,1,-2.0781,2.32810000000001,2,3,-0.535900204,"REEX"
9,1,-14.0781,15.3281,1,1,-0.618599578,"REEX"
9,1,-14.0781,15.3281,1,2,-0.017816189,"REEX"
9,1,-14.0781,15.3281,1,3,-0.862852503,"REEX"
9,1,-14.0781,15.3281,2,1,0.034044809,"REEX"
9,1,-14.0781,15.3281,2,2,-0.357601126,"REEX"
9,1,-14.0781,15.3281,2,3,-0.650387771,"REEX"
10,2,-15.0781,-24.6719,1,1,-0.934893383,"REEX"
10,2,-15.0781,-24.6719,1,2,-0.050566495,"REEX"
10,2,-15.0781,-24.6719,1,3,1.753697096,"REEX"
10,2,-15.0781,-24.6719,2,1,0.185136014,"REEX"
10,2,-15.0781,-24.6719,2,2,-0.959902843,"REEX"
10,2,-15.0781,-24.6719,2,3,-0.063952579,"REEX"
11,2,11.9219,18.3281,1,1,-0.104717351,"REEX"
11,2,11.9219,18.3281,1,2,-0.880100484,"REEX"
11,2,11.9219,18.3281,1,3,-0.149601079,"REEX"
11,2,11.9219,18.3281,2,1,-0.041398374,"REEX"
11,2,11.9219,18.3281,2,2,-0.624169558,"REEX"
11,2,11.9219,18.3281,2,3,-0.477779552,"REEX"
12,2,-3.0781,17.3281,1,1,0.411609965,"REEX"
12,2,-3.0781,17.3281,1,2,-0.790493694,"REEX"
12,2,-3.0781,17.3281,1,3,-0.806280775,"REEX"
12,2,-3.0781,17.3281,2,1,-0.133654003,"REEX"
12,2,-3.0781,17.3281,2,2,-0.840422042,"REEX"
12,2,-3.0781,17.3281,2,3,2.596430573,"REEX"
13,2,-1.0781,10.3281,1,1,0.600984092,"REEX"
13,2,-1.0781,10.3281,1,2,-0.088350273,"REEX"
13,2,-1.0781,10.3281,1,3,-0.537877778,"REEX"
13,2,-1.0781,10.3281,2,1,-0.542613723,"REEX"
13,2,-1.0781,10.3281,2,2,-0.570927651,"REEX"
13,2,-1.0781,10.3281,2,3,-0.089905947,"REEX"
14,1,-2.0781,-10.6719,1,1,NA,"REEX"
14,1,-2.0781,-10.6719,1,2,-0.349861789,"REEX"
14,1,-2.0781,-10.6719,1,3,-0.916546403,"REEX"
14,1,-2.0781,-10.6719,2,1,0.513837725,"REEX"
14,1,-2.0781,-10.6719,2,2,NA,"REEX"
14,1,-2.0781,-10.6719,2,3,NA,"REEX"
15,2,11.9219,8.32810000000001,1,1,-1.456561341,"REEX"
15,2,11.9219,8.32810000000001,1,2,-0.470356023,"REEX"
15,2,11.9219,8.32810000000001,1,3,-0.376852986,"REEX"
15,2,11.9219,8.32810000000001,2,1,0.840864086,"REEX"
15,2,11.9219,8.32810000000001,2,2,NA,"REEX"
15,2,11.9219,8.32810000000001,2,3,NA,"REEX"
16,1,2.9219,12.3281,1,1,-0.636856495,"REEX"
16,1,2.9219,12.3281,1,2,-0.472250163,"REEX"
16,1,2.9219,12.3281,1,3,-0.407716786,"REEX"
16,1,2.9219,12.3281,2,1,-0.54797166,"REEX"
16,1,2.9219,12.3281,2,2,-0.660889278,"REEX"
16,1,2.9219,12.3281,2,3,-0.546378278,"REEX"
17,1,-1.0781,18.3281,1,1,-0.460823478,"REEX"
17,1,-1.0781,18.3281,1,2,-1.214670149,"REEX"
17,1,-1.0781,18.3281,1,3,-1.047019723,"REEX"
17,1,-1.0781,18.3281,2,1,-1.262497169,"REEX"
17,1,-1.0781,18.3281,2,2,-1.147991937,"REEX"
17,1,-1.0781,18.3281,2,3,-1.044589079,"REEX"
20,1,6.9219,30.3281,1,1,0.62244813,"REEX"
20,1,6.9219,30.3281,1,2,-1.2493683,"REEX"
20,1,6.9219,30.3281,1,3,-0.677290564,"REEX"
20,1,6.9219,30.3281,2,1,-0.30887542,"REEX"
20,1,6.9219,30.3281,2,2,-0.279530517,"REEX"
20,1,6.9219,30.3281,2,3,NA,"REEX"
21,2,-8.0781,-10.6719,1,1,-0.848700438,"REEX"
21,2,-8.0781,-10.6719,1,2,0.070302433,"REEX"
21,2,-8.0781,-10.6719,1,3,-0.981451672,"REEX"
21,2,-8.0781,-10.6719,2,1,1.17139494,"REEX"
21,2,-8.0781,-10.6719,2,2,-0.288051899,"REEX"
21,2,-8.0781,-10.6719,2,3,-1.033424817,"REEX"
22,2,-10.0781,-22.6719,1,1,0.06339635,"REEX"
22,2,-10.0781,-22.6719,1,2,NA,"REEX"
22,2,-10.0781,-22.6719,1,3,-0.641622706,"REEX"
22,2,-10.0781,-22.6719,2,1,0.467627335,"REEX"
22,2,-10.0781,-22.6719,2,2,-0.554904702,"REEX"
22,2,-10.0781,-22.6719,2,3,-0.565337909,"REEX"
23,2,-9.0781,-25.6719,1,1,NA,"REEX"
23,2,-9.0781,-25.6719,1,2,1.655188711,"REEX"
23,2,-9.0781,-25.6719,1,3,0.354835626,"REEX"
23,2,-9.0781,-25.6719,2,1,-0.537621755,"REEX"
23,2,-9.0781,-25.6719,2,2,-0.951699822,"REEX"
23,2,-9.0781,-25.6719,2,3,-0.969463889,"REEX"
24,1,6.9219,2.32810000000001,1,1,0.642421902,"REEX"
24,1,6.9219,2.32810000000001,1,2,0.62942122,"REEX"
24,1,6.9219,2.32810000000001,1,3,0.372957073,"REEX"
24,1,6.9219,2.32810000000001,2,1,-0.350669454,"REEX"
24,1,6.9219,2.32810000000001,2,2,-1.039575443,"REEX"
24,1,6.9219,2.32810000000001,2,3,-0.117464034,"REEX"
25,1,-9.0781,-6.67189999999999,1,1,-0.284736364,"REEX"
25,1,-9.0781,-6.67189999999999,1,2,1.597148055,"REEX"
25,1,-9.0781,-6.67189999999999,1,3,-0.383619068,"REEX"
25,1,-9.0781,-6.67189999999999,2,1,0.125725766,"REEX"
25,1,-9.0781,-6.67189999999999,2,2,1.276697322,"REEX"
25,1,-9.0781,-6.67189999999999,2,3,-0.213445504,"REEX"
26,2,9.9219,19.3281,1,1,-0.541763911,"REEX"
26,2,9.9219,19.3281,1,2,-0.897860049,"REEX"
26,2,9.9219,19.3281,1,3,-0.534472934,"REEX"
26,2,9.9219,19.3281,2,1,-0.911010492,"REEX"
26,2,9.9219,19.3281,2,2,NA,"REEX"
26,2,9.9219,19.3281,2,3,-0.82822235,"REEX"
27,1,-8.0781,-0.671899999999994,1,1,0.707917341,"REEX"
27,1,-8.0781,-0.671899999999994,1,2,-1.291533847,"REEX"
27,1,-8.0781,-0.671899999999994,1,3,0.642781407,"REEX"
27,1,-8.0781,-0.671899999999994,2,1,1.598220316,"REEX"
27,1,-8.0781,-0.671899999999994,2,2,-1.188747384,"REEX"
27,1,-8.0781,-0.671899999999994,2,3,-1.293095613,"REEX"
28,1,-0.0780999999999992,12.3281,1,1,NA,"REEX"
28,1,-0.0780999999999992,12.3281,1,2,-0.823081498,"REEX"
28,1,-0.0780999999999992,12.3281,1,3,0.304143845,"REEX"
28,1,-0.0780999999999992,12.3281,2,1,-0.148693477,"REEX"
28,1,-0.0780999999999992,12.3281,2,2,0.209915661,"REEX"
28,1,-0.0780999999999992,12.3281,2,3,-0.559124138,"REEX"
29,2,3.9219,-19.6719,1,1,0.460438499,"REEX"
29,2,3.9219,-19.6719,1,2,1.815503593,"REEX"
29,2,3.9219,-19.6719,1,3,-1.364053693,"REEX"
29,2,3.9219,-19.6719,2,1,-0.058381868,"REEX"
29,2,3.9219,-19.6719,2,2,-0.940328705,"REEX"
29,2,3.9219,-19.6719,2,3,-0.097647337,"REEX"
30,2,-8.0781,-12.6719,1,1,-1.777337506,"REEX"
30,2,-8.0781,-12.6719,1,2,-0.621375943,"REEX"
30,2,-8.0781,-12.6719,1,3,-0.429194571,"REEX"
30,2,-8.0781,-12.6719,2,1,-0.648878673,"REEX"
30,2,-8.0781,-12.6719,2,2,-1.152675202,"REEX"
30,2,-8.0781,-12.6719,2,3,-0.923413584,"REEX"
31,1,-9.0781,-11.6719,1,1,0.024681236,"REEX"
31,1,-9.0781,-11.6719,1,2,-0.466002232,"REEX"
31,1,-9.0781,-11.6719,1,3,0.039988962,"REEX"
31,1,-9.0781,-11.6719,2,1,0.390501884,"REEX"
31,1,-9.0781,-11.6719,2,2,-0.468894387,"REEX"
31,1,-9.0781,-11.6719,2,3,-1.044066105,"REEX"
32,2,-4.0781,-15.6719,1,1,0.309437892,"REEX"
32,2,-4.0781,-15.6719,1,2,1.021468402,"REEX"
32,2,-4.0781,-15.6719,1,3,-0.205166884,"REEX"
32,2,-4.0781,-15.6719,2,1,0.633375695,"REEX"
32,2,-4.0781,-15.6719,2,2,1.140975405,"REEX"
32,2,-4.0781,-15.6719,2,3,-1.193412892,"REEX"
33,1,20.9219,13.3281,1,1,NA,"REEX"
33,1,20.9219,13.3281,1,2,0.734560688,"REEX"
33,1,20.9219,13.3281,1,3,-0.987066134,"REEX"
33,1,20.9219,13.3281,2,1,2.496768247,"REEX"
33,1,20.9219,13.3281,2,2,-0.201581258,"REEX"
33,1,20.9219,13.3281,2,3,1.642548257,"REEX"
34,1,-12.0781,12.3281,1,1,-0.544543437,"REEX"
34,1,-12.0781,12.3281,1,2,-0.020445521,"REEX"
34,1,-12.0781,12.3281,1,3,-1.508596237,"REEX"
34,1,-12.0781,12.3281,2,1,-0.587335375,"REEX"
34,1,-12.0781,12.3281,2,2,NA,"REEX"
34,1,-12.0781,12.3281,2,3,-1.365713557,"REEX"
35,1,20.9219,14.3281,1,1,-0.079311451,"REEX"
35,1,20.9219,14.3281,1,2,-0.70340755,"REEX"
35,1,20.9219,14.3281,1,3,2.52384206,"REEX"
35,1,20.9219,14.3281,2,1,-0.77294017,"REEX"
35,1,20.9219,14.3281,2,2,0.329408054,"REEX"
35,1,20.9219,14.3281,2,3,-1.095920032,"REEX"
36,1,8.9219,-1.67189999999999,1,1,-0.291628701,"REEX"
36,1,8.9219,-1.67189999999999,1,2,-0.094901918,"REEX"
36,1,8.9219,-1.67189999999999,1,3,-1.348358357,"REEX"
36,1,8.9219,-1.67189999999999,2,1,-1.266388934,"REEX"
36,1,8.9219,-1.67189999999999,2,2,-0.13165481,"REEX"
36,1,8.9219,-1.67189999999999,2,3,0.130194012,"REEX"
37,2,2.9219,23.3281,1,1,3.097287829,"REEX"
37,2,2.9219,23.3281,1,2,-0.273413264,"REEX"
37,2,2.9219,23.3281,1,3,-0.399488775,"REEX"
37,2,2.9219,23.3281,2,1,-0.570570782,"REEX"
37,2,2.9219,23.3281,2,2,-0.770396796,"REEX"
37,2,2.9219,23.3281,2,3,-0.760145382,"REEX"
38,2,-3.0781,23.3281,1,1,0.000873956,"REEX"
38,2,-3.0781,23.3281,1,2,-0.093020587,"REEX"
38,2,-3.0781,23.3281,1,3,-0.496687006,"REEX"
38,2,-3.0781,23.3281,2,1,-0.477281329,"REEX"
38,2,-3.0781,23.3281,2,2,-0.739476568,"REEX"
38,2,-3.0781,23.3281,2,3,-0.526341773,"REEX"
39,1,11.9219,-1.67189999999999,1,1,0.962095475,"REEX"
39,1,11.9219,-1.67189999999999,1,2,0.807672401,"REEX"
39,1,11.9219,-1.67189999999999,1,3,-0.457780168,"REEX"
39,1,11.9219,-1.67189999999999,2,1,1.740972565,"REEX"
39,1,11.9219,-1.67189999999999,2,2,-1.436257657,"REEX"
39,1,11.9219,-1.67189999999999,2,3,-0.899181896,"REEX"
40,2,0.921900000000001,-14.6719,1,1,-0.301319335,"REEX"
40,2,0.921900000000001,-14.6719,1,2,-0.462617437,"REEX"
40,2,0.921900000000001,-14.6719,1,3,-0.895317107,"REEX"
40,2,0.921900000000001,-14.6719,2,1,-1.160661271,"REEX"
40,2,0.921900000000001,-14.6719,2,2,0.378876655,"REEX"
40,2,0.921900000000001,-14.6719,2,3,NA,"REEX"
41,2,-5.0781,-16.6719,1,1,-0.514367969,"REEX"
41,2,-5.0781,-16.6719,1,2,-0.049139547,"REEX"
41,2,-5.0781,-16.6719,1,3,-1.226473079,"REEX"
41,2,-5.0781,-16.6719,2,1,-0.726541487,"REEX"
41,2,-5.0781,-16.6719,2,2,NA,"REEX"
41,2,-5.0781,-16.6719,2,3,-1.07196291,"REEX"
42,2,3.9219,-5.67189999999999,1,1,-0.771206834,"REEX"
42,2,3.9219,-5.67189999999999,1,2,-0.524171725,"REEX"
42,2,3.9219,-5.67189999999999,1,3,-0.952832577,"REEX"
42,2,3.9219,-5.67189999999999,2,1,-0.449444076,"REEX"
42,2,3.9219,-5.67189999999999,2,2,-0.616518146,"REEX"
42,2,3.9219,-5.67189999999999,2,3,NA,"REEX"
43,1,-8.0781,-14.6719,1,1,-0.11358465,"REEX"
43,1,-8.0781,-14.6719,1,2,0.064519322,"REEX"
43,1,-8.0781,-14.6719,1,3,-0.903171374,"REEX"
43,1,-8.0781,-14.6719,2,1,-0.517692253,"REEX"
43,1,-8.0781,-14.6719,2,2,-0.295350941,"REEX"
43,1,-8.0781,-14.6719,2,3,-0.277713496,"REEX"
44,1,-3.0781,-19.6719,1,1,-0.093665312,"REEX"
44,1,-3.0781,-19.6719,1,2,-1.061895164,"REEX"
44,1,-3.0781,-19.6719,1,3,0.368480788,"REEX"
44,1,-3.0781,-19.6719,2,1,-0.962493125,"REEX"
44,1,-3.0781,-19.6719,2,2,-1.81452361,"REEX"
44,1,-3.0781,-19.6719,2,3,-0.280364174,"REEX"
45,2,-0.0780999999999992,4.32810000000001,1,1,-0.434994268,"REEX"
45,2,-0.0780999999999992,4.32810000000001,1,2,-1.080696837,"REEX"
45,2,-0.0780999999999992,4.32810000000001,1,3,1.453612747,"REEX"
45,2,-0.0780999999999992,4.32810000000001,2,1,-0.305863901,"REEX"
45,2,-0.0780999999999992,4.32810000000001,2,2,-0.581884923,"REEX"
45,2,-0.0780999999999992,4.32810000000001,2,3,-2.555383557,"REEX"
46,1,6.9219,3.32810000000001,1,1,NA,"REEX"
46,1,6.9219,3.32810000000001,1,2,0.512583192,"REEX"
46,1,6.9219,3.32810000000001,1,3,-0.710232307,"REEX"
46,1,6.9219,3.32810000000001,2,1,-0.367839572,"REEX"
46,1,6.9219,3.32810000000001,2,2,-0.646244437,"REEX"
46,1,6.9219,3.32810000000001,2,3,0.224623392,"REEX"
47,1,2.9219,-15.6719,1,1,-0.49644042,"REEX"
47,1,2.9219,-15.6719,1,2,-0.604842681,"REEX"
47,1,2.9219,-15.6719,1,3,-0.847084759,"REEX"
47,1,2.9219,-15.6719,2,1,2.958191166,"REEX"
47,1,2.9219,-15.6719,2,2,-0.761368437,"REEX"
47,1,2.9219,-15.6719,2,3,-0.692125132,"REEX"
48,1,9.9219,4.32810000000001,1,1,1.362643886,"REEX"
48,1,9.9219,4.32810000000001,1,2,0.334686826,"REEX"
48,1,9.9219,4.32810000000001,1,3,-0.965755638,"REEX"
48,1,9.9219,4.32810000000001,2,1,-1.036683146,"REEX"
48,1,9.9219,4.32810000000001,2,2,-0.013532592,"REEX"
48,1,9.9219,4.32810000000001,2,3,0.580950351,"REEX"
49,1,10.9219,14.3281,1,1,-0.014353783,"REEX"
49,1,10.9219,14.3281,1,2,-1.03976604,"REEX"
49,1,10.9219,14.3281,1,3,NA,"REEX"
49,1,10.9219,14.3281,2,1,0.024666227,"REEX"
49,1,10.9219,14.3281,2,2,-0.273575333,"REEX"
49,1,10.9219,14.3281,2,3,0.195325622,"REEX"
50,2,-9.0781,-2.67189999999999,1,1,-1.2591974,"REEX"
50,2,-9.0781,-2.67189999999999,1,2,-1.195902991,"REEX"
50,2,-9.0781,-2.67189999999999,1,3,0.149186606,"REEX"
50,2,-9.0781,-2.67189999999999,2,1,0.134290894,"REEX"
50,2,-9.0781,-2.67189999999999,2,2,-1.818338395,"REEX"
50,2,-9.0781,-2.67189999999999,2,3,-0.607217291,"REEX"
51,2,-1.0781,-14.6719,1,1,-0.58641569,"REEX"
51,2,-1.0781,-14.6719,1,2,1.574045246,"REEX"
51,2,-1.0781,-14.6719,1,3,-1.239116602,"REEX"
51,2,-1.0781,-14.6719,2,1,1.199397174,"REEX"
51,2,-1.0781,-14.6719,2,2,-0.729692229,"REEX"
51,2,-1.0781,-14.6719,2,3,-0.678862789,"REEX"
52,2,-12.0781,-10.6719,1,1,0.756241964,"REEX"
52,2,-12.0781,-10.6719,1,2,1.367920824,"REEX"
52,2,-12.0781,-10.6719,1,3,-0.997042591,"REEX"
52,2,-12.0781,-10.6719,2,1,0.221273576,"REEX"
52,2,-12.0781,-10.6719,2,2,-1.166884775,"REEX"
52,2,-12.0781,-10.6719,2,3,-0.419776883,"REEX"
53,2,-9.0781,-2.67189999999999,1,1,-0.853103191,"REEX"
53,2,-9.0781,-2.67189999999999,1,2,-0.661461687,"REEX"
53,2,-9.0781,-2.67189999999999,1,3,-0.441159689,"REEX"
53,2,-9.0781,-2.67189999999999,2,1,-0.258708825,"REEX"
53,2,-9.0781,-2.67189999999999,2,2,-0.464960652,"REEX"
53,2,-9.0781,-2.67189999999999,2,3,-0.597816718,"REEX"
54,1,19.9219,8.32810000000001,1,1,-1.253644035,"REEX"
54,1,19.9219,8.32810000000001,1,2,0.06134011,"REEX"
54,1,19.9219,8.32810000000001,1,3,-0.985961754,"REEX"
54,1,19.9219,8.32810000000001,2,1,0.730647021,"REEX"
54,1,19.9219,8.32810000000001,2,2,-0.93761573,"REEX"
54,1,19.9219,8.32810000000001,2,3,-0.824836751,"REEX"
55,2,-1.0781,-4.67189999999999,1,1,0.35355967,"REEX"
55,2,-1.0781,-4.67189999999999,1,2,-0.140035864,"REEX"
55,2,-1.0781,-4.67189999999999,1,3,0.079122686,"REEX"
55,2,-1.0781,-4.67189999999999,2,1,-0.268252884,"REEX"
55,2,-1.0781,-4.67189999999999,2,2,0.289413072,"REEX"
55,2,-1.0781,-4.67189999999999,2,3,-1.921556064,"REEX"
56,2,33.9219,44.3281,1,1,NA,"REEX"
56,2,33.9219,44.3281,1,2,NA,"REEX"
56,2,33.9219,44.3281,1,3,-1.222015205,"REEX"
56,2,33.9219,44.3281,2,1,0.502289108,"REEX"
56,2,33.9219,44.3281,2,2,0.770439688,"REEX"
56,2,33.9219,44.3281,2,3,-1.099341889,"REEX"
57,1,-10.0781,-23.6719,1,1,-1.744208051,"REEX"
57,1,-10.0781,-23.6719,1,2,0.436168732,"REEX"
57,1,-10.0781,-23.6719,1,3,-1.142245447,"REEX"
57,1,-10.0781,-23.6719,2,1,-0.703351459,"REEX"
57,1,-10.0781,-23.6719,2,2,-0.861211359,"REEX"
57,1,-10.0781,-23.6719,2,3,-0.53153901,"REEX"
58,1,12.9219,34.3281,1,1,1.572709096,"REEX"
58,1,12.9219,34.3281,1,2,0.091140984,"REEX"
58,1,12.9219,34.3281,1,3,-0.641298598,"REEX"
58,1,12.9219,34.3281,2,1,0.9981292,"REEX"
58,1,12.9219,34.3281,2,2,0.628148019,"REEX"
58,1,12.9219,34.3281,2,3,-0.100410413,"REEX"
59,1,-15.0781,-14.6719,1,1,-1.218248489,"REEX"
59,1,-15.0781,-14.6719,1,2,-0.935139777,"REEX"
59,1,-15.0781,-14.6719,1,3,1.211347676,"REEX"
59,1,-15.0781,-14.6719,2,1,0.58028411,"REEX"
59,1,-15.0781,-14.6719,2,2,0.631944135,"REEX"
59,1,-15.0781,-14.6719,2,3,-1.055121139,"REEX"
60,2,-6.0781,0.328100000000006,1,1,-1.283176052,"REEX"
60,2,-6.0781,0.328100000000006,1,2,-1.543455705,"REEX"
60,2,-6.0781,0.328100000000006,1,3,-1.861171807,"REEX"
60,2,-6.0781,0.328100000000006,2,1,0.28420928,"REEX"
60,2,-6.0781,0.328100000000006,2,2,-0.328858757,"REEX"
60,2,-6.0781,0.328100000000006,2,3,-1.047283814,"REEX"
61,2,-6.0781,4.32810000000001,1,1,-0.58123833,"REEX"
61,2,-6.0781,4.32810000000001,1,2,-0.679916521,"REEX"
61,2,-6.0781,4.32810000000001,1,3,-0.758013393,"REEX"
61,2,-6.0781,4.32810000000001,2,1,1.274461161,"REEX"
61,2,-6.0781,4.32810000000001,2,2,-0.452136727,"REEX"
61,2,-6.0781,4.32810000000001,2,3,-0.577089083,"REEX"
62,1,8.9219,5.32810000000001,1,1,0.105466367,"REEX"
62,1,8.9219,5.32810000000001,1,2,-1.221595776,"REEX"
62,1,8.9219,5.32810000000001,1,3,-1.959113626,"REEX"
62,1,8.9219,5.32810000000001,2,1,0.043211184,"REEX"
62,1,8.9219,5.32810000000001,2,2,0.502460657,"REEX"
62,1,8.9219,5.32810000000001,2,3,NA,"REEX"
63,2,0.921900000000001,38.3281,1,1,-0.401178016,"REEX"
63,2,0.921900000000001,38.3281,1,2,-0.419013753,"REEX"
63,2,0.921900000000001,38.3281,1,3,-0.123597631,"REEX"
63,2,0.921900000000001,38.3281,2,1,-0.574171251,"REEX"
63,2,0.921900000000001,38.3281,2,2,-0.49629211,"REEX"
63,2,0.921900000000001,38.3281,2,3,-0.213875961,"REEX"
64,1,-5.0781,0.328100000000006,1,1,0.535577453,"REEX"
64,1,-5.0781,0.328100000000006,1,2,0.521272083,"REEX"
64,1,-5.0781,0.328100000000006,1,3,NA,"REEX"
64,1,-5.0781,0.328100000000006,2,1,0.244627701,"REEX"
64,1,-5.0781,0.328100000000006,2,2,-0.924678621,"REEX"
64,1,-5.0781,0.328100000000006,2,3,-1.263915393,"REEX"
65,1,-3.0781,-21.6719,1,1,0.427121113,"REEX"
65,1,-3.0781,-21.6719,1,2,-0.922181993,"REEX"
65,1,-3.0781,-21.6719,1,3,-0.250406742,"REEX"
65,1,-3.0781,-21.6719,2,1,-1.311719804,"REEX"
65,1,-3.0781,-21.6719,2,2,0.730167711,"REEX"
65,1,-3.0781,-21.6719,2,3,-0.4218937,"REEX"
66,2,-6.0781,-6.67189999999999,1,1,1.367314238,"REEX"
66,2,-6.0781,-6.67189999999999,1,2,-0.420366302,"REEX"
66,2,-6.0781,-6.67189999999999,1,3,0.458120833,"REEX"
66,2,-6.0781,-6.67189999999999,2,1,NA,"REEX"
66,2,-6.0781,-6.67189999999999,2,2,-0.817517466,"REEX"
66,2,-6.0781,-6.67189999999999,2,3,-0.828644473,"REEX"
1,2,0.921900000000001,17.3281,1,1,-0.271142639,"REIN"
1,2,0.921900000000001,17.3281,1,2,-1.522271496,"REIN"
1,2,0.921900000000001,17.3281,1,3,-0.744494608,"REIN"
1,2,0.921900000000001,17.3281,1,4,0.423738008,"REIN"
1,2,0.921900000000001,17.3281,2,1,-1.059029092,"REIN"
1,2,0.921900000000001,17.3281,2,2,-1.274854304,"REIN"
1,2,0.921900000000001,17.3281,2,3,-1.043836707,"REIN"
1,2,0.921900000000001,17.3281,2,4,-0.116404163,"REIN"
2,1,-12.0781,-31.6719,1,1,NA,"REIN"
2,1,-12.0781,-31.6719,1,2,-0.255583973,"REIN"
2,1,-12.0781,-31.6719,1,3,-1.11493716,"REIN"
2,1,-12.0781,-31.6719,1,4,-1.720085342,"REIN"
2,1,-12.0781,-31.6719,2,1,1.442417991,"REIN"
2,1,-12.0781,-31.6719,2,2,-0.18148005,"REIN"
2,1,-12.0781,-31.6719,2,3,-0.681171005,"REIN"
2,1,-12.0781,-31.6719,2,4,NA,"REIN"
3,2,-1.0781,-24.6719,1,1,-0.630269849,"REIN"
3,2,-1.0781,-24.6719,1,2,-0.921398089,"REIN"
3,2,-1.0781,-24.6719,1,3,-0.32011631,"REIN"
3,2,-1.0781,-24.6719,1,4,-0.746289369,"REIN"
3,2,-1.0781,-24.6719,2,1,-0.269152545,"REIN"
3,2,-1.0781,-24.6719,2,2,-0.632568346,"REIN"
3,2,-1.0781,-24.6719,2,3,-0.803722212,"REIN"
3,2,-1.0781,-24.6719,2,4,-0.621190489,"REIN"
4,1,5.9219,-9.67189999999999,1,1,1.530680209,"REIN"
4,1,5.9219,-9.67189999999999,1,2,NA,"REIN"
4,1,5.9219,-9.67189999999999,1,3,-0.51986933,"REIN"
4,1,5.9219,-9.67189999999999,1,4,-0.530011769,"REIN"
4,1,5.9219,-9.67189999999999,2,1,-0.698681762,"REIN"
4,1,5.9219,-9.67189999999999,2,2,-0.385770395,"REIN"
4,1,5.9219,-9.67189999999999,2,3,0.946101298,"REIN"
4,1,5.9219,-9.67189999999999,2,4,-0.295379939,"REIN"
5,2,-2.0781,-19.6719,1,1,0.793483002,"REIN"
5,2,-2.0781,-19.6719,1,2,0.244813709,"REIN"
5,2,-2.0781,-19.6719,1,3,NA,"REIN"
5,2,-2.0781,-19.6719,1,4,-1.460412774,"REIN"
5,2,-2.0781,-19.6719,2,1,-1.136797783,"REIN"
5,2,-2.0781,-19.6719,2,2,0.419714888,"REIN"
5,2,-2.0781,-19.6719,2,3,-0.228784588,"REIN"
5,2,-2.0781,-19.6719,2,4,0.443741676,"REIN"
6,1,1.9219,4.32810000000001,1,1,-1.261639593,"REIN"
6,1,1.9219,4.32810000000001,1,2,-0.604844023,"REIN"
6,1,1.9219,4.32810000000001,1,3,0.611942363,"REIN"
6,1,1.9219,4.32810000000001,1,4,-1.165810416,"REIN"
6,1,1.9219,4.32810000000001,2,1,-0.921670403,"REIN"
6,1,1.9219,4.32810000000001,2,2,-0.467023927,"REIN"
6,1,1.9219,4.32810000000001,2,3,-1.061640102,"REIN"
6,1,1.9219,4.32810000000001,2,4,-1.256637577,"REIN"
7,2,-6.0781,2.32810000000001,1,1,-0.529525195,"REIN"
7,2,-6.0781,2.32810000000001,1,2,-0.004559505,"REIN"
7,2,-6.0781,2.32810000000001,1,3,1.634151054,"REIN"
7,2,-6.0781,2.32810000000001,1,4,-0.338646004,"REIN"
7,2,-6.0781,2.32810000000001,2,1,2.741667899,"REIN"
7,2,-6.0781,2.32810000000001,2,2,-0.042993165,"REIN"
7,2,-6.0781,2.32810000000001,2,3,-1.021959742,"REIN"
7,2,-6.0781,2.32810000000001,2,4,NA,"REIN"
8,1,-2.0781,2.32810000000001,1,1,0.870359732,"REIN"
8,1,-2.0781,2.32810000000001,1,2,-0.808739183,"REIN"
8,1,-2.0781,2.32810000000001,1,3,-0.617136009,"REIN"
8,1,-2.0781,2.32810000000001,1,4,-0.639150922,"REIN"
8,1,-2.0781,2.32810000000001,2,1,0.633883898,"REIN"
8,1,-2.0781,2.32810000000001,2,2,-0.71957582,"REIN"
8,1,-2.0781,2.32810000000001,2,3,-0.783853711,"REIN"
8,1,-2.0781,2.32810000000001,2,4,-1.009032478,"REIN"
9,1,-14.0781,15.3281,1,1,0.125403841,"REIN"
9,1,-14.0781,15.3281,1,2,-0.434746353,"REIN"
9,1,-14.0781,15.3281,1,3,-0.437171108,"REIN"
9,1,-14.0781,15.3281,1,4,-0.357989817,"REIN"
9,1,-14.0781,15.3281,2,1,-0.319819779,"REIN"
9,1,-14.0781,15.3281,2,2,-1.122128999,"REIN"
9,1,-14.0781,15.3281,2,3,-0.868641052,"REIN"
9,1,-14.0781,15.3281,2,4,-0.498780694,"REIN"
10,2,-15.0781,-24.6719,1,1,-0.014078353,"REIN"
10,2,-15.0781,-24.6719,1,2,NA,"REIN"
10,2,-15.0781,-24.6719,1,3,-0.260386149,"REIN"
10,2,-15.0781,-24.6719,1,4,-0.807800068,"REIN"
10,2,-15.0781,-24.6719,2,1,-1.011082155,"REIN"
10,2,-15.0781,-24.6719,2,2,-0.519217031,"REIN"
10,2,-15.0781,-24.6719,2,3,-0.569909214,"REIN"
10,2,-15.0781,-24.6719,2,4,-0.032344502,"REIN"
11,2,11.9219,18.3281,1,1,-0.754169108,"REIN"
11,2,11.9219,18.3281,1,2,-0.878965678,"REIN"
11,2,11.9219,18.3281,1,3,-0.570389377,"REIN"
11,2,11.9219,18.3281,1,4,-0.555208667,"REIN"
11,2,11.9219,18.3281,2,1,-0.748152494,"REIN"
11,2,11.9219,18.3281,2,2,0.889340805,"REIN"
11,2,11.9219,18.3281,2,3,-0.520704134,"REIN"
11,2,11.9219,18.3281,2,4,-0.337004696,"REIN"
12,2,-3.0781,17.3281,1,1,0.377412722,"REIN"
12,2,-3.0781,17.3281,1,2,-0.299589322,"REIN"
12,2,-3.0781,17.3281,1,3,-0.95247248,"REIN"
12,2,-3.0781,17.3281,1,4,-0.934175573,"REIN"
12,2,-3.0781,17.3281,2,1,1.08479086,"REIN"
12,2,-3.0781,17.3281,2,2,-0.940583352,"REIN"
12,2,-3.0781,17.3281,2,3,NA,"REIN"
12,2,-3.0781,17.3281,2,4,-0.869192177,"REIN"
13,2,-1.0781,10.3281,1,1,-0.468627299,"REIN"
13,2,-1.0781,10.3281,1,2,-0.753345228,"REIN"
13,2,-1.0781,10.3281,1,3,-0.473079678,"REIN"
13,2,-1.0781,10.3281,1,4,-0.489143164,"REIN"
13,2,-1.0781,10.3281,2,1,NA,"REIN"
13,2,-1.0781,10.3281,2,2,0.586461183,"REIN"
13,2,-1.0781,10.3281,2,3,-0.800491348,"REIN"
13,2,-1.0781,10.3281,2,4,-0.574518174,"REIN"
14,1,-2.0781,-10.6719,1,1,0.047939194,"REIN"
14,1,-2.0781,-10.6719,1,2,NA,"REIN"
14,1,-2.0781,-10.6719,1,3,NA,"REIN"
14,1,-2.0781,-10.6719,1,4,-1.325735334,"REIN"
14,1,-2.0781,-10.6719,2,1,-1.22298916,"REIN"
14,1,-2.0781,-10.6719,2,2,-1.229555622,"REIN"
14,1,-2.0781,-10.6719,2,3,-0.142930549,"REIN"
14,1,-2.0781,-10.6719,2,4,-1.182629245,"REIN"
15,2,11.9219,8.32810000000001,1,1,-0.620311329,"REIN"
15,2,11.9219,8.32810000000001,1,2,-0.322122792,"REIN"
15,2,11.9219,8.32810000000001,1,3,NA,"REIN"
15,2,11.9219,8.32810000000001,1,4,-0.909081632,"REIN"
15,2,11.9219,8.32810000000001,2,1,1.351589826,"REIN"
15,2,11.9219,8.32810000000001,2,2,NA,"REIN"
15,2,11.9219,8.32810000000001,2,3,-0.316551844,"REIN"
15,2,11.9219,8.32810000000001,2,4,NA,"REIN"
16,1,2.9219,12.3281,1,1,-0.659048995,"REIN"
16,1,2.9219,12.3281,1,2,-0.621438307,"REIN"
16,1,2.9219,12.3281,1,3,0.581666752,"REIN"
16,1,2.9219,12.3281,1,4,-0.643284569,"REIN"
16,1,2.9219,12.3281,2,1,-0.288755802,"REIN"
16,1,2.9219,12.3281,2,2,-0.879386349,"REIN"
16,1,2.9219,12.3281,2,3,-0.891277854,"REIN"
16,1,2.9219,12.3281,2,4,-0.549401396,"REIN"
17,1,-1.0781,18.3281,1,1,0.935876271,"REIN"
17,1,-1.0781,18.3281,1,2,0.47951476,"REIN"
17,1,-1.0781,18.3281,1,3,0.269403919,"REIN"
17,1,-1.0781,18.3281,1,4,NA,"REIN"
17,1,-1.0781,18.3281,2,1,1.067829136,"REIN"
17,1,-1.0781,18.3281,2,2,0.254615373,"REIN"
17,1,-1.0781,18.3281,2,3,1.397076225,"REIN"
17,1,-1.0781,18.3281,2,4,-0.748916851,"REIN"
20,1,6.9219,30.3281,1,1,-0.3859547,"REIN"
20,1,6.9219,30.3281,1,2,-1.052729616,"REIN"
20,1,6.9219,30.3281,1,3,-1.282551581,"REIN"
20,1,6.9219,30.3281,1,4,-0.099432317,"REIN"
20,1,6.9219,30.3281,2,1,0.143753803,"REIN"
20,1,6.9219,30.3281,2,2,0.078419275,"REIN"
20,1,6.9219,30.3281,2,3,-0.890761414,"REIN"
20,1,6.9219,30.3281,2,4,0.189971951,"REIN"
21,2,-8.0781,-10.6719,1,1,-1.577850134,"REIN"
21,2,-8.0781,-10.6719,1,2,0.184592192,"REIN"
21,2,-8.0781,-10.6719,1,3,-0.988741981,"REIN"
21,2,-8.0781,-10.6719,1,4,1.740866763,"REIN"
21,2,-8.0781,-10.6719,2,1,-0.375716498,"REIN"
21,2,-8.0781,-10.6719,2,2,-1.483794181,"REIN"
21,2,-8.0781,-10.6719,2,3,-1.02528854,"REIN"
21,2,-8.0781,-10.6719,2,4,-0.686440809,"REIN"
22,2,-10.0781,-22.6719,1,1,1.871116801,"REIN"
22,2,-10.0781,-22.6719,1,2,0.250727522,"REIN"
22,2,-10.0781,-22.6719,1,3,-1.288197546,"REIN"
22,2,-10.0781,-22.6719,1,4,-1.363157062,"REIN"
22,2,-10.0781,-22.6719,2,1,-0.808063798,"REIN"
22,2,-10.0781,-22.6719,2,2,-1.018127595,"REIN"
22,2,-10.0781,-22.6719,2,3,-0.730541622,"REIN"
22,2,-10.0781,-22.6719,2,4,-1.217846087,"REIN"
23,2,-9.0781,-25.6719,1,1,NA,"REIN"
23,2,-9.0781,-25.6719,1,2,NA,"REIN"
23,2,-9.0781,-25.6719,1,3,-0.457261556,"REIN"
23,2,-9.0781,-25.6719,1,4,0.026854851,"REIN"
23,2,-9.0781,-25.6719,2,1,0.817542827,"REIN"
23,2,-9.0781,-25.6719,2,2,0.857184745,"REIN"
23,2,-9.0781,-25.6719,2,3,-1.831904671,"REIN"
23,2,-9.0781,-25.6719,2,4,-0.250105654,"REIN"
24,1,6.9219,2.32810000000001,1,1,-0.780163694,"REIN"
24,1,6.9219,2.32810000000001,1,2,-0.812271734,"REIN"
24,1,6.9219,2.32810000000001,1,3,-0.59104542,"REIN"
24,1,6.9219,2.32810000000001,1,4,NA,"REIN"
24,1,6.9219,2.32810000000001,2,1,0.665426862,"REIN"
24,1,6.9219,2.32810000000001,2,2,-0.121582869,"REIN"
24,1,6.9219,2.32810000000001,2,3,-1.3951584,"REIN"
24,1,6.9219,2.32810000000001,2,4,-1.921679499,"REIN"
25,1,-9.0781,-6.67189999999999,1,1,-0.008103107,"REIN"
25,1,-9.0781,-6.67189999999999,1,2,-1.146195428,"REIN"
25,1,-9.0781,-6.67189999999999,1,3,-0.683726915,"REIN"
25,1,-9.0781,-6.67189999999999,1,4,-1.297755511,"REIN"
25,1,-9.0781,-6.67189999999999,2,1,NA,"REIN"
25,1,-9.0781,-6.67189999999999,2,2,-0.526231817,"REIN"
25,1,-9.0781,-6.67189999999999,2,3,-0.916847528,"REIN"
25,1,-9.0781,-6.67189999999999,2,4,-0.998610813,"REIN"
26,2,9.9219,19.3281,1,1,0.471797432,"REIN"
26,2,9.9219,19.3281,1,2,2.050878915,"REIN"
26,2,9.9219,19.3281,1,3,-0.808628968,"REIN"
26,2,9.9219,19.3281,1,4,-0.060694469,"REIN"
26,2,9.9219,19.3281,2,1,NA,"REIN"
26,2,9.9219,19.3281,2,2,-0.312595207,"REIN"
26,2,9.9219,19.3281,2,3,-0.250007676,"REIN"
26,2,9.9219,19.3281,2,4,-0.324372063,"REIN"
27,1,-8.0781,-0.671899999999994,1,1,1.943787991,"REIN"
27,1,-8.0781,-0.671899999999994,1,2,-0.782567048,"REIN"
27,1,-8.0781,-0.671899999999994,1,3,-0.510319654,"REIN"
27,1,-8.0781,-0.671899999999994,1,4,NA,"REIN"
27,1,-8.0781,-0.671899999999994,2,1,0.044936526,"REIN"
27,1,-8.0781,-0.671899999999994,2,2,-0.426070893,"REIN"
27,1,-8.0781,-0.671899999999994,2,3,-1.245035688,"REIN"
27,1,-8.0781,-0.671899999999994,2,4,-0.994394436,"REIN"
28,1,-0.0780999999999992,12.3281,1,1,NA,"REIN"
28,1,-0.0780999999999992,12.3281,1,2,-0.778312689,"REIN"
28,1,-0.0780999999999992,12.3281,1,3,NA,"REIN"
28,1,-0.0780999999999992,12.3281,1,4,-1.057853334,"REIN"
28,1,-0.0780999999999992,12.3281,2,1,-0.260925775,"REIN"
28,1,-0.0780999999999992,12.3281,2,2,-0.394002563,"REIN"
28,1,-0.0780999999999992,12.3281,2,3,-0.411679538,"REIN"
28,1,-0.0780999999999992,12.3281,2,4,-0.487772753,"REIN"
29,2,3.9219,-19.6719,1,1,-0.204996836,"REIN"
29,2,3.9219,-19.6719,1,2,-1.298808284,"REIN"
29,2,3.9219,-19.6719,1,3,0.449536481,"REIN"
29,2,3.9219,-19.6719,1,4,-1.461568039,"REIN"
29,2,3.9219,-19.6719,2,1,0.450007997,"REIN"
29,2,3.9219,-19.6719,2,2,-0.701713641,"REIN"
29,2,3.9219,-19.6719,2,3,-1.381551641,"REIN"
29,2,3.9219,-19.6719,2,4,-0.319314291,"REIN"
30,2,-8.0781,-12.6719,1,1,1.218829449,"REIN"
30,2,-8.0781,-12.6719,1,2,1.274399759,"REIN"
30,2,-8.0781,-12.6719,1,3,1.271225304,"REIN"
30,2,-8.0781,-12.6719,1,4,-1.227782692,"REIN"
30,2,-8.0781,-12.6719,2,1,-0.4366315,"REIN"
30,2,-8.0781,-12.6719,2,2,0.958192958,"REIN"
30,2,-8.0781,-12.6719,2,3,0.307692477,"REIN"
30,2,-8.0781,-12.6719,2,4,-0.469583667,"REIN"
31,1,-9.0781,-11.6719,1,1,-0.775606586,"REIN"
31,1,-9.0781,-11.6719,1,2,-0.683953642,"REIN"
31,1,-9.0781,-11.6719,1,3,-0.578810367,"REIN"
31,1,-9.0781,-11.6719,1,4,-0.027847265,"REIN"
31,1,-9.0781,-11.6719,2,1,-0.237787028,"REIN"
31,1,-9.0781,-11.6719,2,2,0.104635868,"REIN"
31,1,-9.0781,-11.6719,2,3,0.636504207,"REIN"
31,1,-9.0781,-11.6719,2,4,-0.137154251,"REIN"
32,2,-4.0781,-15.6719,1,1,1.039652035,"REIN"
32,2,-4.0781,-15.6719,1,2,-0.245819479,"REIN"
32,2,-4.0781,-15.6719,1,3,-0.9454281,"REIN"
32,2,-4.0781,-15.6719,1,4,-0.963231423,"REIN"
32,2,-4.0781,-15.6719,2,1,0.273317404,"REIN"
32,2,-4.0781,-15.6719,2,2,-1.431865869,"REIN"
32,2,-4.0781,-15.6719,2,3,1.115647512,"REIN"
32,2,-4.0781,-15.6719,2,4,-0.266005165,"REIN"
33,1,20.9219,13.3281,1,1,0.122168125,"REIN"
33,1,20.9219,13.3281,1,2,0.004822961,"REIN"
33,1,20.9219,13.3281,1,3,0.265784212,"REIN"
33,1,20.9219,13.3281,1,4,-0.517375256,"REIN"
33,1,20.9219,13.3281,2,1,0.69723589,"REIN"
33,1,20.9219,13.3281,2,2,0.179572057,"REIN"
33,1,20.9219,13.3281,2,3,-0.096376354,"REIN"
33,1,20.9219,13.3281,2,4,-1.301352144,"REIN"
34,1,-12.0781,12.3281,1,1,0.505433235,"REIN"
34,1,-12.0781,12.3281,1,2,NA,"REIN"
34,1,-12.0781,12.3281,1,3,1.389463602,"REIN"
34,1,-12.0781,12.3281,1,4,0.152976793,"REIN"
34,1,-12.0781,12.3281,2,1,1.089502389,"REIN"
34,1,-12.0781,12.3281,2,2,0.560804086,"REIN"
34,1,-12.0781,12.3281,2,3,NA,"REIN"
34,1,-12.0781,12.3281,2,4,-0.808360746,"REIN"
35,1,20.9219,14.3281,1,1,0.554648012,"REIN"
35,1,20.9219,14.3281,1,2,-0.65377544,"REIN"
35,1,20.9219,14.3281,1,3,0.288320738,"REIN"
35,1,20.9219,14.3281,1,4,0.651534833,"REIN"
35,1,20.9219,14.3281,2,1,-1.722627204,"REIN"
35,1,20.9219,14.3281,2,2,-1.658725118,"REIN"
35,1,20.9219,14.3281,2,3,-1.610707317,"REIN"
35,1,20.9219,14.3281,2,4,NA,"REIN"
36,1,8.9219,-1.67189999999999,1,1,-0.000499955,"REIN"
36,1,8.9219,-1.67189999999999,1,2,0.164940874,"REIN"
36,1,8.9219,-1.67189999999999,1,3,1.473224409,"REIN"
36,1,8.9219,-1.67189999999999,1,4,-1.090461626,"REIN"
36,1,8.9219,-1.67189999999999,2,1,-0.153530658,"REIN"
36,1,8.9219,-1.67189999999999,2,2,-1.905070751,"REIN"
36,1,8.9219,-1.67189999999999,2,3,1.443442097,"REIN"
36,1,8.9219,-1.67189999999999,2,4,-0.381486537,"REIN"
37,2,2.9219,23.3281,1,1,-0.821382957,"REIN"
37,2,2.9219,23.3281,1,2,1.026168441,"REIN"
37,2,2.9219,23.3281,1,3,0.185195193,"REIN"
37,2,2.9219,23.3281,1,4,NA,"REIN"
37,2,2.9219,23.3281,2,1,-0.221103961,"REIN"
37,2,2.9219,23.3281,2,2,-0.599200929,"REIN"
37,2,2.9219,23.3281,2,3,-0.89061043,"REIN"
37,2,2.9219,23.3281,2,4,-0.627611205,"REIN"
38,2,-3.0781,23.3281,1,1,0.682762801,"REIN"
38,2,-3.0781,23.3281,1,2,-0.621834413,"REIN"
38,2,-3.0781,23.3281,1,3,-0.739476568,"REIN"
38,2,-3.0781,23.3281,1,4,-0.607813114,"REIN"
38,2,-3.0781,23.3281,2,1,0.414776219,"REIN"
38,2,-3.0781,23.3281,2,2,-0.065543935,"REIN"
38,2,-3.0781,23.3281,2,3,-0.642853498,"REIN"
38,2,-3.0781,23.3281,2,4,-0.323907312,"REIN"
39,1,11.9219,-1.67189999999999,1,1,-0.750798303,"REIN"
39,1,11.9219,-1.67189999999999,1,2,-0.583059406,"REIN"
39,1,11.9219,-1.67189999999999,1,3,-1.207795719,"REIN"
39,1,11.9219,-1.67189999999999,1,4,-1.640477139,"REIN"
39,1,11.9219,-1.67189999999999,2,1,-0.092209653,"REIN"
39,1,11.9219,-1.67189999999999,2,2,-0.710172001,"REIN"
39,1,11.9219,-1.67189999999999,2,3,1.132254803,"REIN"
39,1,11.9219,-1.67189999999999,2,4,-0.566461482,"REIN"
40,2,0.921900000000001,-14.6719,1,1,1.466084679,"REIN"
40,2,0.921900000000001,-14.6719,1,2,1.063404634,"REIN"
40,2,0.921900000000001,-14.6719,1,3,0.055500291,"REIN"
40,2,0.921900000000001,-14.6719,1,4,-0.244590422,"REIN"
40,2,0.921900000000001,-14.6719,2,1,0.572347751,"REIN"
40,2,0.921900000000001,-14.6719,2,2,1.438492289,"REIN"
40,2,0.921900000000001,-14.6719,2,3,-0.769229116,"REIN"
40,2,0.921900000000001,-14.6719,2,4,-0.433211581,"REIN"
41,2,-5.0781,-16.6719,1,1,-0.148555147,"REIN"
41,2,-5.0781,-16.6719,1,2,0.47339621,"REIN"
41,2,-5.0781,-16.6719,1,3,NA,"REIN"
41,2,-5.0781,-16.6719,1,4,-1.145614035,"REIN"
41,2,-5.0781,-16.6719,2,1,-0.162494473,"REIN"
41,2,-5.0781,-16.6719,2,2,0.862530701,"REIN"
41,2,-5.0781,-16.6719,2,3,-0.13306579,"REIN"
41,2,-5.0781,-16.6719,2,4,1.011169375,"REIN"
42,2,3.9219,-5.67189999999999,1,1,-0.593886614,"REIN"
42,2,3.9219,-5.67189999999999,1,2,-1.053922653,"REIN"
42,2,3.9219,-5.67189999999999,1,3,-0.837667145,"REIN"
42,2,3.9219,-5.67189999999999,1,4,-0.840280029,"REIN"
42,2,3.9219,-5.67189999999999,2,1,NA,"REIN"
42,2,3.9219,-5.67189999999999,2,2,-0.109881545,"REIN"
42,2,3.9219,-5.67189999999999,2,3,-0.404226357,"REIN"
42,2,3.9219,-5.67189999999999,2,4,-0.718297549,"REIN"
43,1,-8.0781,-14.6719,1,1,0.300653704,"REIN"
43,1,-8.0781,-14.6719,1,2,-0.730407914,"REIN"
43,1,-8.0781,-14.6719,1,3,-0.20813559,"REIN"
43,1,-8.0781,-14.6719,1,4,-1.324605696,"REIN"
43,1,-8.0781,-14.6719,2,1,-0.979727603,"REIN"
43,1,-8.0781,-14.6719,2,2,-1.093820038,"REIN"
43,1,-8.0781,-14.6719,2,3,-0.901827178,"REIN"
43,1,-8.0781,-14.6719,2,4,-0.770809092,"REIN"
44,1,-3.0781,-19.6719,1,1,0.676221102,"REIN"
44,1,-3.0781,-19.6719,1,2,-1.098130469,"REIN"
44,1,-3.0781,-19.6719,1,3,-0.57487445,"REIN"
44,1,-3.0781,-19.6719,1,4,-0.977094373,"REIN"
44,1,-3.0781,-19.6719,2,1,1.533147237,"REIN"
44,1,-3.0781,-19.6719,2,2,0.634517025,"REIN"
44,1,-3.0781,-19.6719,2,3,-1.601485726,"REIN"
44,1,-3.0781,-19.6719,2,4,-1.115849078,"REIN"
45,2,-0.0780999999999992,4.32810000000001,1,1,-0.434062285,"REIN"
45,2,-0.0780999999999992,4.32810000000001,1,2,-0.510716002,"REIN"
45,2,-0.0780999999999992,4.32810000000001,1,3,0.255956447,"REIN"
45,2,-0.0780999999999992,4.32810000000001,1,4,1.240577611,"REIN"
45,2,-0.0780999999999992,4.32810000000001,2,1,1.46193107,"REIN"
45,2,-0.0780999999999992,4.32810000000001,2,2,-1.560109978,"REIN"
45,2,-0.0780999999999992,4.32810000000001,2,3,0.638370084,"REIN"
45,2,-0.0780999999999992,4.32810000000001,2,4,1.023850244,"REIN"
46,1,6.9219,3.32810000000001,1,1,-1.233155796,"REIN"
46,1,6.9219,3.32810000000001,1,2,-1.036792242,"REIN"
46,1,6.9219,3.32810000000001,1,3,NA,"REIN"
46,1,6.9219,3.32810000000001,1,4,-0.309670161,"REIN"
46,1,6.9219,3.32810000000001,2,1,0.569189154,"REIN"
46,1,6.9219,3.32810000000001,2,2,-0.626641674,"REIN"
46,1,6.9219,3.32810000000001,2,3,-0.531140469,"REIN"
46,1,6.9219,3.32810000000001,2,4,NA,"REIN"
47,1,2.9219,-15.6719,1,1,-0.470629102,"REIN"
47,1,2.9219,-15.6719,1,2,-0.611054457,"REIN"
47,1,2.9219,-15.6719,1,3,-0.75636164,"REIN"
47,1,2.9219,-15.6719,1,4,-0.856433379,"REIN"
47,1,2.9219,-15.6719,2,1,-0.921286709,"REIN"
47,1,2.9219,-15.6719,2,2,-0.902334944,"REIN"
47,1,2.9219,-15.6719,2,3,-0.266315776,"REIN"
47,1,2.9219,-15.6719,2,4,-0.755335516,"REIN"
48,1,9.9219,4.32810000000001,1,1,0.962728471,"REIN"
48,1,9.9219,4.32810000000001,1,2,1.725608255,"REIN"
48,1,9.9219,4.32810000000001,1,3,-0.979143102,"REIN"
48,1,9.9219,4.32810000000001,1,4,1.477331811,"REIN"
48,1,9.9219,4.32810000000001,2,1,-1.014394777,"REIN"
48,1,9.9219,4.32810000000001,2,2,-0.708724551,"REIN"
48,1,9.9219,4.32810000000001,2,3,-1.0177469,"REIN"
48,1,9.9219,4.32810000000001,2,4,0.400107602,"REIN"
49,1,10.9219,14.3281,1,1,0.700075602,"REIN"
49,1,10.9219,14.3281,1,2,-1.688100641,"REIN"
49,1,10.9219,14.3281,1,3,1.318484105,"REIN"
49,1,10.9219,14.3281,1,4,-1.926124239,"REIN"
49,1,10.9219,14.3281,2,1,0.817058791,"REIN"
49,1,10.9219,14.3281,2,2,1.259142134,"REIN"
49,1,10.9219,14.3281,2,3,-0.765070702,"REIN"
49,1,10.9219,14.3281,2,4,0.366579256,"REIN"
50,2,-9.0781,-2.67189999999999,1,1,-1.205792981,"REIN"
50,2,-9.0781,-2.67189999999999,1,2,0.911205729,"REIN"
50,2,-9.0781,-2.67189999999999,1,3,1.159063061,"REIN"
50,2,-9.0781,-2.67189999999999,1,4,-1.085672755,"REIN"
50,2,-9.0781,-2.67189999999999,2,1,0.393147814,"REIN"
50,2,-9.0781,-2.67189999999999,2,2,-0.292445637,"REIN"
50,2,-9.0781,-2.67189999999999,2,3,-0.894963432,"REIN"
50,2,-9.0781,-2.67189999999999,2,4,-1.45141938,"REIN"
51,2,-1.0781,-14.6719,1,1,-0.574919841,"REIN"
51,2,-1.0781,-14.6719,1,2,-0.821682619,"REIN"
51,2,-1.0781,-14.6719,1,3,-0.690373844,"REIN"
51,2,-1.0781,-14.6719,1,4,-1.100258236,"REIN"
51,2,-1.0781,-14.6719,2,1,1.818504555,"REIN"
51,2,-1.0781,-14.6719,2,2,-0.91073193,"REIN"
51,2,-1.0781,-14.6719,2,3,-0.538222682,"REIN"
51,2,-1.0781,-14.6719,2,4,-1.091285559,"REIN"
52,2,-12.0781,-10.6719,1,1,-0.909891758,"REIN"
52,2,-12.0781,-10.6719,1,2,-1.277139911,"REIN"
52,2,-12.0781,-10.6719,1,3,-1.178446166,"REIN"
52,2,-12.0781,-10.6719,1,4,-0.946297511,"REIN"
52,2,-12.0781,-10.6719,2,1,-1.099644541,"REIN"
52,2,-12.0781,-10.6719,2,2,-1.021563579,"REIN"
52,2,-12.0781,-10.6719,2,3,-0.962330702,"REIN"
52,2,-12.0781,-10.6719,2,4,-0.79730217,"REIN"
53,2,-9.0781,-2.67189999999999,1,1,-0.505793161,"REIN"
53,2,-9.0781,-2.67189999999999,1,2,-0.732509448,"REIN"
53,2,-9.0781,-2.67189999999999,1,3,-1.193374101,"REIN"
53,2,-9.0781,-2.67189999999999,1,4,-0.436759019,"REIN"
53,2,-9.0781,-2.67189999999999,2,1,0.573099629,"REIN"
53,2,-9.0781,-2.67189999999999,2,2,-0.213149806,"REIN"
53,2,-9.0781,-2.67189999999999,2,3,-0.954145315,"REIN"
53,2,-9.0781,-2.67189999999999,2,4,-0.605771119,"REIN"
54,1,19.9219,8.32810000000001,1,1,-0.432416829,"REIN"
54,1,19.9219,8.32810000000001,1,2,1.507134446,"REIN"
54,1,19.9219,8.32810000000001,1,3,NA,"REIN"
54,1,19.9219,8.32810000000001,1,4,-0.673379888,"REIN"
54,1,19.9219,8.32810000000001,2,1,-0.931734945,"REIN"
54,1,19.9219,8.32810000000001,2,2,1.233539419,"REIN"
54,1,19.9219,8.32810000000001,2,3,1.574390605,"REIN"
54,1,19.9219,8.32810000000001,2,4,-0.767829353,"REIN"
55,2,-1.0781,-4.67189999999999,1,1,0.618169941,"REIN"
55,2,-1.0781,-4.67189999999999,1,2,-1.562430335,"REIN"
55,2,-1.0781,-4.67189999999999,1,3,-1.640421934,"REIN"
55,2,-1.0781,-4.67189999999999,1,4,-0.395155866,"REIN"
55,2,-1.0781,-4.67189999999999,2,1,0.338099102,"REIN"
55,2,-1.0781,-4.67189999999999,2,2,-1.436765214,"REIN"
55,2,-1.0781,-4.67189999999999,2,3,NA,"REIN"
55,2,-1.0781,-4.67189999999999,2,4,-1.582232939,"REIN"
56,2,33.9219,44.3281,1,1,-0.754749354,"REIN"
56,2,33.9219,44.3281,1,2,-0.576074374,"REIN"
56,2,33.9219,44.3281,1,3,-1.002814783,"REIN"
56,2,33.9219,44.3281,1,4,-1.443105763,"REIN"
56,2,33.9219,44.3281,2,1,-1.032695885,"REIN"
56,2,33.9219,44.3281,2,2,2.14096912,"REIN"
56,2,33.9219,44.3281,2,3,-0.059207275,"REIN"
56,2,33.9219,44.3281,2,4,-0.803782378,"REIN"
57,1,-10.0781,-23.6719,1,1,0.848404973,"REIN"
57,1,-10.0781,-23.6719,1,2,0.836818897,"REIN"
57,1,-10.0781,-23.6719,1,3,0.910076962,"REIN"
57,1,-10.0781,-23.6719,1,4,-1.434035223,"REIN"
57,1,-10.0781,-23.6719,2,1,0.82200943,"REIN"
57,1,-10.0781,-23.6719,2,2,0.131369547,"REIN"
57,1,-10.0781,-23.6719,2,3,2.110610757,"REIN"
57,1,-10.0781,-23.6719,2,4,0.989547461,"REIN"
58,1,12.9219,34.3281,1,1,NA,"REIN"
58,1,12.9219,34.3281,1,2,-0.424131609,"REIN"
58,1,12.9219,34.3281,1,3,-0.236904922,"REIN"
58,1,12.9219,34.3281,1,4,2.273012754,"REIN"
58,1,12.9219,34.3281,2,1,-0.067221034,"REIN"
58,1,12.9219,34.3281,2,2,0.773436106,"REIN"
58,1,12.9219,34.3281,2,3,-0.509627804,"REIN"
58,1,12.9219,34.3281,2,4,-1.096058515,"REIN"
59,1,-15.0781,-14.6719,1,1,-0.314346334,"REIN"
59,1,-15.0781,-14.6719,1,2,-0.043042717,"REIN"
59,1,-15.0781,-14.6719,1,3,1.561211812,"REIN"
59,1,-15.0781,-14.6719,1,4,0.432670237,"REIN"
59,1,-15.0781,-14.6719,2,1,-0.698139081,"REIN"
59,1,-15.0781,-14.6719,2,2,-0.351104908,"REIN"
59,1,-15.0781,-14.6719,2,3,-0.392550655,"REIN"
59,1,-15.0781,-14.6719,2,4,-0.50247848,"REIN"
60,2,-6.0781,0.328100000000006,1,1,0.277430737,"REIN"
60,2,-6.0781,0.328100000000006,1,2,0.144650109,"REIN"
60,2,-6.0781,0.328100000000006,1,3,0.050305908,"REIN"
60,2,-6.0781,0.328100000000006,1,4,0.168878838,"REIN"
60,2,-6.0781,0.328100000000006,2,1,NA,"REIN"
60,2,-6.0781,0.328100000000006,2,2,0.925565767,"REIN"
60,2,-6.0781,0.328100000000006,2,3,1.582740618,"REIN"
60,2,-6.0781,0.328100000000006,2,4,-0.437971348,"REIN"
61,2,-6.0781,4.32810000000001,1,1,0.273140393,"REIN"
61,2,-6.0781,4.32810000000001,1,2,0.766036606,"REIN"
61,2,-6.0781,4.32810000000001,1,3,-1.014933565,"REIN"
61,2,-6.0781,4.32810000000001,1,4,-0.981145899,"REIN"
61,2,-6.0781,4.32810000000001,2,1,0.312175636,"REIN"
61,2,-6.0781,4.32810000000001,2,2,-0.615995693,"REIN"
61,2,-6.0781,4.32810000000001,2,3,-1.074312651,"REIN"
61,2,-6.0781,4.32810000000001,2,4,-1.208767376,"REIN"
62,1,8.9219,5.32810000000001,1,1,0.246137051,"REIN"
62,1,8.9219,5.32810000000001,1,2,-1.397623934,"REIN"
62,1,8.9219,5.32810000000001,1,3,0.26989308,"REIN"
62,1,8.9219,5.32810000000001,1,4,0.813917337,"REIN"
62,1,8.9219,5.32810000000001,2,1,-0.364845874,"REIN"
62,1,8.9219,5.32810000000001,2,2,0.523118387,"REIN"
62,1,8.9219,5.32810000000001,2,3,NA,"REIN"
62,1,8.9219,5.32810000000001,2,4,-0.964440655,"REIN"
63,2,0.921900000000001,38.3281,1,1,3.779840488,"REIN"
63,2,0.921900000000001,38.3281,1,2,-0.379748312,"REIN"
63,2,0.921900000000001,38.3281,1,3,0.093488762,"REIN"
63,2,0.921900000000001,38.3281,1,4,1.151429559,"REIN"
63,2,0.921900000000001,38.3281,2,1,1.259101085,"REIN"
63,2,0.921900000000001,38.3281,2,2,NA,"REIN"
63,2,0.921900000000001,38.3281,2,3,NA,"REIN"
63,2,0.921900000000001,38.3281,2,4,-0.182629896,"REIN"
64,1,-5.0781,0.328100000000006,1,1,-0.208625772,"REIN"
64,1,-5.0781,0.328100000000006,1,2,-0.184598206,"REIN"
64,1,-5.0781,0.328100000000006,1,3,-0.603055017,"REIN"
64,1,-5.0781,0.328100000000006,1,4,-0.86171794,"REIN"
64,1,-5.0781,0.328100000000006,2,1,3.496025286,"REIN"
64,1,-5.0781,0.328100000000006,2,2,-0.812673878,"REIN"
64,1,-5.0781,0.328100000000006,2,3,-0.580139143,"REIN"
64,1,-5.0781,0.328100000000006,2,4,-0.956750613,"REIN"
65,1,-3.0781,-21.6719,1,1,0.737999843,"REIN"
65,1,-3.0781,-21.6719,1,2,0.651975372,"REIN"
65,1,-3.0781,-21.6719,1,3,1.340350266,"REIN"
65,1,-3.0781,-21.6719,1,4,-1.015842753,"REIN"
65,1,-3.0781,-21.6719,2,1,-1.43324952,"REIN"
65,1,-3.0781,-21.6719,2,2,-0.621202309,"REIN"
65,1,-3.0781,-21.6719,2,3,NA,"REIN"
65,1,-3.0781,-21.6719,2,4,2.168446489,"REIN"
66,2,-6.0781,-6.67189999999999,1,1,-0.966347612,"REIN"
66,2,-6.0781,-6.67189999999999,1,2,0.622570521,"REIN"
66,2,-6.0781,-6.67189999999999,1,3,-0.906394736,"REIN"
66,2,-6.0781,-6.67189999999999,1,4,-0.879025114,"REIN"
66,2,-6.0781,-6.67189999999999,2,1,0.623568215,"REIN"
66,2,-6.0781,-6.67189999999999,2,2,-1.251327095,"REIN"
66,2,-6.0781,-6.67189999999999,2,3,-0.558296543,"REIN"
66,2,-6.0781,-6.67189999999999,2,4,-1.471969865,"REIN"
